Player,Team,Pos,G,GS,MP,FG,FGA,FG%,3P,3PA,3P%,2P,2PA,2P%,eFG%,FT,FTA,FT%,ORB,DRB,TRB,AST,STL,BLK,TOV,PF,PTS,Awards,Rk,Player,Tm,Salary (2025-26),Salary (2026-27),Salary (2027-28),Salary (2028-29),Salary (2029-30),Salary (2030-31),Salary (Guaranteed)
Bam Adebayo,MIA,C,78,78,2674,7.3,15.0,0.485,1.1,3.0,0.357,6.2,12.0,0.517,0.521,3.4,4.4,0.765,2.5,7.6,10.1,4.5,1.3,0.7,2.2,2.2,19.0,DPOY-10,40,Bam Adebayo,MIA,37096620,48713700,52610796,56507892,,,138421116
Ochai Agbaji,TOR,SG,64,45,1739,5.5,11.1,0.498,2.1,5.2,0.399,3.4,5.8,0.587,0.593,0.7,1.0,0.708,1.3,3.7,5.0,2.0,1.2,0.6,1.1,2.6,13.8,,200,Ochai Agbaji,TOR,6383525,,,,,,6383525
Grayson Allen,PHO,SG,64,7,1544,5.1,11.4,0.448,3.5,8.2,0.426,1.6,3.2,0.504,0.6,2.2,2.7,0.816,0.8,3.7,4.5,3.2,1.3,0.4,1.7,2.2,15.9,,101,Grayson Allen,PHO,16875000,18125000,19375000,,,,35000000
Jarrett Allen,CLE,C,82,82,2296,7.1,10.0,0.706,0.0,0.1,0.0,7.1,10.0,0.712,0.706,3.1,4.3,0.718,3.4,9.1,12.5,2.5,1.2,1.1,1.5,2.0,17.3,,85,Jarrett Allen,CLE,20000000,28000000,30240000,32480000,,,110720000
Jose Alvarado,NOP,PG,56,23,1366,5.4,13.7,0.392,2.9,8.1,0.359,2.5,5.6,0.439,0.498,1.6,2.0,0.811,0.7,2.9,3.6,6.8,2.0,0.4,2.3,2.4,15.3,,237,Jose Alvarado,NOP,4500000,4500000,,,,,4500000
Kyle Anderson,2TM,PF,61,4,1002,5.1,10.9,0.469,0.9,2.5,0.357,4.2,8.4,0.502,0.51,1.7,2.3,0.738,1.9,5.5,7.4,5.2,1.4,1.2,1.3,2.9,12.8,,165,Kyle Anderson,UTA,9219512,9658536,,,,,9219512
Giannis Antetokounmpo,MIL,PF,67,67,2289,12.5,20.7,0.601,0.2,1.0,0.222,12.3,19.8,0.62,0.607,6.9,11.1,0.617,2.3,10.2,12.6,6.8,0.9,1.2,3.2,2.4,32.0,"MVP-3,DPOY-8,AS,NBA1",6,Giannis Antetokounmpo,MIL,54126450,58456566,62786682,,,,112583016
Cole Anthony,ORL,PG,67,22,1234,6.7,15.8,0.424,2.2,6.4,0.353,4.5,9.5,0.471,0.494,2.7,3.3,0.823,1.3,4.6,6.0,5.6,1.3,0.9,3.0,4.4,18.4,,126,Cole Anthony,MEM,13100000,,,,,,13100000
OG Anunoby,NYK,PF,74,74,2706,6.5,13.7,0.476,2.3,6.1,0.372,4.2,7.5,0.561,0.559,2.4,3.0,0.81,1.3,3.5,4.8,2.2,1.5,0.9,1.4,2.3,17.7,,28,OG Anunoby,NYK,39568966,42500000,45431034,48362068,,,127500000
Deni Avdija,POR,SF,72,54,2161,6.7,14.1,0.476,2.1,5.7,0.365,4.6,8.4,0.552,0.55,4.8,6.2,0.78,1.8,6.9,8.7,4.7,1.2,0.6,3.3,2.8,20.3,,111,Deni Avdija,POR,14375000,13125000,11875000,,,,39375000
Deandre Ayton,POR,C,40,40,1206,7.9,14.0,0.566,0.2,1.0,0.188,7.7,13.0,0.594,0.573,1.2,1.8,0.667,3.7,8.4,12.1,1.9,0.9,1.2,2.1,2.6,17.2,,43,Deandre Ayton,POR,35550814,,,,,,35550814
LaMelo Ball,CHO,PG,47,47,1505,9.7,24.0,0.405,4.3,12.6,0.339,5.4,11.4,0.478,0.494,4.6,5.5,0.843,1.1,4.4,5.5,8.3,1.3,0.3,4.0,3.8,28.3,,39,LaMelo Ball,CHO,37958760,40770520,43582280,46394040,,,168705600
Lonzo Ball,CHI,PG,35,14,777,4.1,11.3,0.366,3.1,9.0,0.344,1.0,2.2,0.458,0.504,1.0,1.3,0.815,1.2,4.3,5.5,5.3,2.2,0.8,1.9,2.5,12.4,,157,Lonzo Ball,CLE,10000000,10000000,,,,,10000000
Paolo Banchero,ORL,PF,46,46,1582,9.4,20.7,0.452,2.0,6.2,0.32,7.4,14.5,0.509,0.5,6.4,8.8,0.727,1.2,6.7,7.9,5.0,0.8,0.6,3.1,2.2,27.1,,106,Paolo Banchero,ORL,15334769,,,,,,15334769
Desmond Bane,MEM,SG,69,68,2205,8.0,16.6,0.484,2.7,6.8,0.392,5.4,9.8,0.548,0.565,2.9,3.2,0.894,1.0,5.8,6.8,6.0,1.3,0.5,2.8,2.7,21.7,,42,Desmond Bane,ORL,36725670,39446090,42166510,44886930,,,163225200
Harrison Barnes,SAS,PF,82,82,2230,5.6,11.0,0.508,2.5,5.8,0.433,3.1,5.2,0.591,0.622,2.6,3.2,0.809,1.6,3.4,5.0,2.2,0.6,0.2,0.8,1.2,16.3,,90,Harrison Barnes,SAS,19000000,,,,,,19000000
Scottie Barnes,TOR,PF,65,65,2134,8.0,17.9,0.446,1.3,4.7,0.271,6.7,13.2,0.508,0.482,3.8,5.1,0.755,1.8,6.6,8.5,6.4,1.6,1.1,3.1,1.9,21.1,,32,Scottie Barnes,TOR,38661750,41754690,44847630,47940570,51033510,,224238150
RJ Barrett,TOR,SF,58,58,1869,8.9,18.9,0.468,2.1,5.9,0.35,6.8,13.0,0.522,0.523,3.8,6.0,0.63,1.2,5.9,7.0,6.0,0.9,0.3,3.2,2.6,23.6,,63,RJ Barrett,TOR,27705357,29616071,,,,,57321428
Charles Bassey,SAS,C,36,1,376,6.5,11.2,0.581,0.0,0.0,,6.5,11.2,0.581,0.581,2.0,3.2,0.636,5.4,9.2,14.6,1.6,1.3,2.9,2.2,4.8,15.0,,303,Charles Bassey,SAS,2500000,,,,,,
Jamison Battle,TOR,SF,59,10,1042,5.1,12.0,0.429,3.6,8.9,0.405,1.5,3.0,0.5,0.581,0.6,0.6,0.889,1.3,4.2,5.5,1.8,0.6,0.3,0.9,3.2,14.5,,355,Jamison Battle,TOR,1955377,2296271,,,,,
Bradley Beal,PHO,SG,53,38,1702,7.3,14.7,0.497,2.2,5.6,0.386,5.1,9.1,0.565,0.571,2.3,2.9,0.803,0.7,3.0,3.7,4.1,1.2,0.6,2.1,2.9,19.1,,10,Bradley Beal,PHO,53666270,,,,,,53666270
Goga Bitadze,ORL,C,70,42,1430,5.2,8.5,0.611,0.1,0.7,0.107,5.1,7.8,0.656,0.615,2.1,3.3,0.639,4.2,7.5,11.7,3.4,1.2,2.5,1.8,3.8,12.6,,174,Goga Bitadze,ORL,8333333,7608696,,,,,15942029
Anthony Black,ORL,PG,78,10,1887,5.0,11.8,0.423,1.2,3.7,0.318,3.8,8.1,0.471,0.473,2.9,3.8,0.761,1.0,3.4,4.4,4.6,1.6,0.9,2.7,3.2,14.0,,181,Anthony Black,ORL,7970280,10106316,,,,,7970280
Bogdan Bogdanović,2TM,SG,54,4,1348,5.6,13.1,0.427,2.8,7.7,0.363,2.8,5.4,0.517,0.534,1.5,1.8,0.879,0.6,3.6,4.2,3.9,1.1,0.3,2.0,3.4,15.6,,103,Bogdan Bogdanović,LAC,16020000,16020000,,,,,16020000
Adem Bona,PHI,C,58,11,905,5.4,7.6,0.703,0.0,0.0,0.0,5.4,7.6,0.707,0.703,2.7,4.0,0.67,3.7,6.1,9.7,1.1,1.0,2.7,2.4,5.0,13.4,,356,Adem Bona,PHI,1955377,2296271,2486995,,,,
Devin Booker,PHO,SG,75,75,2795,8.4,18.3,0.461,2.4,7.1,0.332,6.1,11.2,0.542,0.525,5.6,6.2,0.894,1.0,2.9,3.9,6.8,0.9,0.2,2.8,2.6,24.8,,12,Devin Booker,PHO,53142264,57078728,61015192,,,,171236184
Brandon Boston Jr.,NOP,SG,42,10,993,6.0,13.8,0.436,1.8,5.1,0.35,4.2,8.7,0.485,0.5,2.4,3.1,0.788,1.0,3.8,4.9,3.3,1.9,0.3,1.9,2.6,16.2,,308,Brandon Boston Jr.,NOP,2349578,,,,,,
Tony Bradley,IND,C,14,0,113,9.2,14.3,0.644,0.3,1.0,0.333,8.9,13.4,0.667,0.656,0.6,1.9,0.333,5.7,7.6,13.4,1.9,0.6,2.9,1.6,3.5,19.4,,279,Tony Bradley,IND,2940876,,,,,,2940876
Malaki Branham,SAS,SG,47,0,427,7.3,16.0,0.458,2.9,7.1,0.405,4.5,8.9,0.5,0.547,2.3,2.8,0.818,0.6,3.7,4.3,3.2,0.9,0.2,2.9,2.4,19.8,,227,Malaki Branham,WAS,4962033,,,,,,4962033
Christian Braun,DEN,SG,79,77,2675,6.4,11.0,0.58,1.2,3.0,0.397,5.2,8.0,0.648,0.634,2.4,2.9,0.827,1.3,4.2,5.5,2.8,1.1,0.5,1.1,2.3,16.4,,229,Christian Braun,DEN,4921797,,,,,,4921797
Mikal Bridges,NYK,SF,82,82,3036,7.0,14.0,0.5,1.9,5.5,0.354,5.1,8.5,0.594,0.57,1.1,1.4,0.814,0.8,2.2,3.1,3.6,0.9,0.5,1.6,1.5,17.1,,73,Mikal Bridges,NYK,24900000,,,,,,24900000
Miles Bridges,CHO,PF,64,64,2029,8.3,19.3,0.431,2.5,8.0,0.313,5.8,11.3,0.513,0.495,3.9,4.5,0.87,1.3,7.3,8.5,4.4,0.8,0.8,2.4,1.7,23.1,,72,Miles Bridges,CHO,25000000,22826087,,,,,47826087
Dillon Brooks,HOU,SF,75,75,2388,5.8,13.5,0.429,2.8,7.1,0.397,3.0,6.4,0.465,0.533,1.5,1.8,0.818,1.1,3.0,4.1,1.9,0.9,0.2,1.1,3.6,15.9,,82,Dillon Brooks,PHO,21124110,19992727,,,,,41116837
Jaylen Brown,BOS,SF,63,63,2158,8.6,18.7,0.463,1.9,6.0,0.324,6.7,12.7,0.529,0.515,4.1,5.4,0.764,1.4,4.8,6.1,4.8,1.2,0.3,2.7,2.6,23.3,AS,11,Jaylen Brown,BOS,53142264,57078728,61015192,64951656,,,236187840
Kobe Brown,LAC,PF,40,0,272,4.4,9.5,0.458,0.8,3.4,0.231,3.6,6.1,0.587,0.5,0.7,0.9,0.714,2.5,6.1,8.6,3.2,0.9,0.5,1.6,3.0,10.2,,297,Kobe Brown,LAC,2654880,4792059,,,,,2654880
Jalen Brunson,NYK,PG,65,65,2301,9.2,18.8,0.488,2.4,6.2,0.383,6.8,12.6,0.539,0.551,5.8,7.0,0.821,0.4,2.5,2.9,7.4,0.9,0.1,2.6,2.2,26.4,"MVP-10,CPOY-1,AS,NBA2",47,Jalen Brunson,NYK,34944001,37739521,40535041,43330561,,,113218563
Kobe Bufkin,ATL,SG,10,0,124,5.2,13.6,0.383,1.2,5.5,0.211,4.1,8.1,0.5,0.426,3.8,5.2,0.722,1.5,4.6,6.1,4.9,0.9,0.6,2.3,2.6,15.4,,236,Kobe Bufkin,ATL,4503720,6904203,,,,,4503720
Jimmy Butler,2TM,SF,55,55,1746,6.2,12.3,0.504,0.7,2.1,0.308,5.5,10.2,0.546,0.531,6.8,8.1,0.842,2.6,3.5,6.1,6.1,1.6,0.4,1.5,1.1,19.9,,8,Jimmy Butler,GSW,54126450,56832773,,,,,110959223
Matas Buzelis,CHI,SF,80,31,1511,6.0,13.2,0.454,2.3,6.3,0.361,3.7,6.9,0.54,0.541,2.1,2.6,0.815,1.3,5.3,6.6,1.9,0.7,1.8,1.8,3.0,16.4,ROY-7,215,Matas Buzelis,CHI,5455560,5715360,7584283,,,,5455560
Kentavious Caldwell-Pope,ORL,SG,77,77,2279,3.8,8.6,0.439,1.8,5.2,0.342,2.0,3.4,0.589,0.543,1.3,1.5,0.863,0.5,2.1,2.7,2.1,1.6,0.5,1.0,2.1,10.6,,79,Kentavious Caldwell-Pope,MEM,21621500,21621500,,,,,21621500
Toumani Camara,POR,PF,78,78,2548,4.6,10.1,0.458,1.9,5.1,0.375,2.7,5.0,0.542,0.552,1.3,1.8,0.722,2.4,3.9,6.4,2.5,1.6,0.7,1.5,3.2,12.5,"DPOY-9,DEF2",329,Toumani Camara,POR,2221677,2406205,,,,,
Bub Carrington,WAS,PG,82,57,2458,4.4,11.0,0.401,2.0,6.0,0.339,2.4,5.0,0.475,0.493,1.0,1.2,0.812,0.5,4.5,5.0,5.3,0.8,0.3,2.1,2.8,11.8,,234,Bub Carrington,WAS,4677600,4900560,7257730,,,,4677600
Devin Carter,SAC,PG,36,0,396,4.3,11.5,0.37,1.6,5.5,0.295,2.6,6.0,0.439,0.441,2.4,4.0,0.591,1.7,5.2,6.9,3.7,1.9,0.4,1.6,3.5,12.5,,228,Devin Carter,SAC,4923720,5158080,7370897,,,,4923720
Jevon Carter,CHI,PG,36,1,321,6.2,16.4,0.377,3.9,11.8,0.333,2.2,4.6,0.488,0.497,0.9,1.1,0.8,0.4,3.9,4.4,4.5,1.5,0.3,1.2,1.7,17.2,,193,Jevon Carter,CHI,6809524,,,,,,6809524
Wendell Carter Jr.,ORL,C,68,51,1758,4.6,10.1,0.46,0.8,3.2,0.234,3.9,6.8,0.568,0.498,2.6,3.6,0.737,3.1,7.0,10.1,2.7,1.1,0.8,1.6,4.1,12.7,,146,Wendell Carter Jr.,ORL,10850000,18102000,19550160,20998320,,,48502160
Alex Caruso,OKC,SG,54,3,1041,4.8,10.9,0.446,2.1,5.9,0.353,2.8,5.0,0.556,0.541,1.5,1.8,0.824,1.3,4.2,5.5,4.7,3.0,1.0,1.3,3.5,13.2,6MOY-8,93,Alex Caruso,OKC,18102000,19550160,20998320,22446480,,,81096960
Stephon Castle,SAS,PG,81,47,2162,7.0,16.5,0.428,1.6,5.5,0.285,5.5,10.9,0.501,0.476,4.1,5.7,0.724,1.5,3.5,4.9,5.5,1.2,0.4,2.9,2.7,19.8,ROY-1,162,Stephon Castle,SAS,9560520,10015920,12670139,,,,9560520
Julian Champagnie,SAS,SF,82,29,1932,5.1,12.4,0.415,3.3,8.9,0.371,1.8,3.4,0.53,0.549,1.6,1.8,0.904,1.2,4.7,5.9,2.1,1.1,0.7,1.4,2.1,15.2,,276,Julian Champagnie,SAS,3000000,3000000,,,,,
Justin Champagnie,WAS,SF,62,31,1340,5.6,11.0,0.511,2.0,5.2,0.383,3.7,5.9,0.624,0.601,1.3,2.0,0.685,3.0,6.4,9.4,1.6,1.7,1.0,1.5,3.0,14.6,,304,Justin Champagnie,WAS,2349578,2667944,3005085,,,,5017522
Cam Christie,LAC,SG,13,0,59,4.3,14.6,0.292,1.2,7.9,0.154,3.1,6.7,0.455,0.333,1.2,2.4,0.5,1.8,5.5,7.3,3.7,3.1,0.6,1.2,2.4,11.0,,351,Cam Christie,LAC,1955377,2296271,2486995,,,,1955377
Max Christie,2TM,SG,78,36,2127,4.3,10.0,0.427,1.9,5.3,0.366,2.3,4.7,0.496,0.525,2.2,2.6,0.855,0.6,3.7,4.4,2.5,1.1,0.5,1.5,1.9,12.7,,183,Max Christie,DAL,7714286,8285714,8857143,,,,16000000
Jaylen Clark,MIN,SG,40,4,522,3.9,8.3,0.467,1.5,3.5,0.431,2.3,4.8,0.493,0.558,2.0,2.6,0.784,1.8,1.9,3.7,1.8,2.5,0.1,0.6,4.2,11.2,,337,Jaylen Clark,MIN,2191897,,,,,,2191897
Brandon Clarke,MEM,PF,64,18,1207,7.0,11.3,0.621,0.0,0.5,0.059,7.0,10.8,0.647,0.622,1.8,2.6,0.701,3.8,5.9,9.7,2.0,1.6,1.1,1.2,4.3,15.9,,129,Brandon Clarke,MEM,12500000,12500000,,,,,25000000
Jordan Clarkson,UTA,SG,37,9,962,7.5,18.4,0.408,3.1,8.7,0.362,4.4,9.8,0.448,0.493,4.3,5.4,0.797,0.9,3.5,4.4,5.2,1.2,0.3,3.2,1.9,22.5,,112,Jordan Clarkson,UTA,14285714,,,,,,14285714
Nic Claxton,BRK,C,70,62,1882,6.1,10.9,0.563,0.1,0.4,0.238,6.0,10.5,0.576,0.568,1.5,2.9,0.513,3.0,6.8,9.9,3.0,1.2,1.9,1.7,2.9,13.8,,70,Nic Claxton,BRK,25352272,23147727,20943184,,,,69443183
Donovan Clingan,POR,C,67,37,1324,4.9,9.1,0.539,0.4,1.3,0.286,4.5,7.7,0.582,0.56,1.7,2.8,0.596,5.9,8.4,14.3,2.1,0.9,3.0,2.0,5.1,11.9,,189,Donovan Clingan,POR,7178400,7519920,9550298,,,,7178400
Noah Clowney,BRK,PF,46,20,1042,4.6,12.9,0.358,3.0,9.0,0.333,1.6,3.8,0.414,0.474,2.3,2.8,0.838,1.5,4.8,6.3,1.4,0.8,0.7,1.6,3.6,14.5,,262,Noah Clowney,BRK,3398640,5414034,,,,,3398640
Isaiah Collier,UTA,PG,71,46,1839,4.6,10.9,0.422,0.8,3.3,0.249,3.8,7.6,0.497,0.459,2.1,3.0,0.682,0.6,4.0,4.6,8.7,1.3,0.3,4.1,2.9,12.0,,298,Isaiah Collier,UTA,2638200,2763960,4988948,,,,2638200
John Collins,UTA,PF,40,31,1220,8.3,15.7,0.527,1.7,4.4,0.399,6.5,11.3,0.577,0.583,4.1,4.8,0.848,2.6,7.0,9.6,2.4,1.2,1.2,3.0,3.4,22.4,,68,John Collins,LAC,26580000,,,,,,26580000
Zach Collins,2TM,PF,64,12,977,5.6,11.1,0.507,1.2,3.9,0.302,4.5,7.2,0.617,0.56,2.5,2.9,0.885,3.8,6.9,10.6,4.1,1.1,1.1,2.2,4.9,15.0,,96,Zach Collins,CHI,18080496,,,,,,18080496
Mike Conley,MIN,PG,71,64,1756,3.8,9.6,0.4,2.6,6.4,0.41,1.2,3.2,0.38,0.535,1.7,1.8,0.9,0.7,3.1,3.7,6.5,1.6,0.3,1.5,2.3,11.9,,147,Mike Conley,MIN,10774038,,,,,,10774038
Pat Connaughton,MIL,SG,41,1,603,5.0,10.6,0.469,1.6,4.8,0.321,3.4,5.7,0.594,0.542,1.4,1.9,0.774,1.1,5.4,6.5,4.2,0.5,0.7,1.4,2.7,12.9,,163,Pat Connaughton,CHO,9423869,,,,,,9423869
Bilal Coulibaly,WAS,SF,59,59,1948,4.9,11.5,0.421,1.2,4.1,0.281,3.7,7.4,0.5,0.472,2.6,3.4,0.746,1.7,3.8,5.4,3.7,1.4,0.8,2.3,2.6,13.4,,187,Bilal Coulibaly,WAS,7275600,9240012,,,,,7275600
Ricky Council IV,PHI,SF,73,12,1250,5.1,13.3,0.382,1.6,6.1,0.258,3.5,7.2,0.488,0.442,3.5,4.4,0.804,1.5,4.7,6.2,2.8,0.9,0.4,1.5,1.9,15.3,,320,Ricky Council IV,PHI,2221677,,,,,,2221677
Cade Cunningham,DET,PG,70,70,2452,10.0,21.4,0.469,2.2,6.1,0.356,7.9,15.3,0.515,0.521,4.6,5.4,0.846,0.8,5.4,6.2,9.4,1.0,0.8,4.5,2.9,26.9,"MVP-7,AS,NBA3",34,Cade Cunningham,DET,38661750,41754690,44847630,47940570,51033510,,224238150
Stephen Curry,GSW,PG,70,70,2252,9.0,20.1,0.448,5.0,12.5,0.397,4.0,7.6,0.534,0.572,4.5,4.8,0.933,0.6,4.3,5.0,6.7,1.3,0.5,3.2,1.5,27.5,"MVP-9,CPOY-5,AS,NBA2",1,Stephen Curry,GSW,59606817,62587158,,,,,122193975
Tristan Da Silva,ORL,SF,74,38,1629,4.4,10.7,0.412,1.8,5.3,0.335,2.6,5.4,0.488,0.495,1.2,1.4,0.873,1.6,3.8,5.4,2.5,0.7,0.4,1.2,2.1,11.8,,252,Tristan Da Silva,ORL,3809520,3991200,6138466,,,,3809520
Pacome Dadiet,NYK,SG,18,0,111,3.2,10.1,0.323,1.9,6.2,0.316,1.3,3.9,0.333,0.419,1.3,1.9,0.667,1.0,4.9,5.8,1.6,1.0,0.6,1.3,2.3,9.7,,283,Pacome Dadiet,NYK,2847600,2983680,5373608,,,,2847600
Dyson Daniels,ATL,SG,76,76,2571,6.4,12.9,0.493,1.1,3.3,0.34,5.3,9.6,0.545,0.536,1.2,2.0,0.593,1.7,4.6,6.3,4.7,3.2,0.8,2.2,2.5,15.0,"DPOY-2,MIP-1,DEF1",184,Dyson Daniels,ATL,7707709,,,,,,7707709
Anthony Davis,2TM,C,51,51,1706,9.9,19.2,0.516,0.7,2.6,0.282,9.2,16.6,0.553,0.536,6.0,7.8,0.775,2.8,9.6,12.5,3.8,1.2,2.3,2.4,2.1,26.6,AS,7,Anthony Davis,DAL,54126450,58456566,62786682,,,,112583016
Terence Davis,SAC,SG,1,0,8,0.0,9.0,0.0,0.0,4.5,0.0,0.0,4.5,0.0,0.0,0.0,0.0,,0.0,4.5,4.5,4.5,0.0,0.0,0.0,0.0,0.0,,301,Terence Davis,SAC,2546675,,,,,,
JD Davison,BOS,PG,16,0,93,4.6,13.2,0.353,1.5,7.0,0.222,3.1,6.2,0.5,0.412,1.9,2.7,0.714,0.8,4.3,5.0,5.0,1.9,0.4,5.0,0.8,12.8,,315,JD Davison,BOS,2270735,,,,,,2270735
DeMar DeRozan,SAC,SF,77,77,2768,8.1,17.0,0.477,1.1,3.3,0.328,7.0,13.7,0.513,0.509,4.9,5.7,0.857,0.7,3.2,3.9,4.4,0.8,0.4,1.4,2.0,22.2,,75,DeMar DeRozan,SAC,24570000,25740000,,,,,24570000
Moussa Diabaté,CHO,C,71,8,1241,4.8,8.1,0.596,0.0,0.2,0.0,4.8,7.9,0.609,0.596,2.0,3.4,0.595,5.4,7.3,12.7,1.6,1.3,1.2,1.8,3.2,11.7,,318,Moussa Diabaté,CHO,2270735,2461462,,,,,
Gradey Dick,TOR,SG,54,54,1587,6.0,14.7,0.41,2.6,7.4,0.35,3.4,7.3,0.47,0.498,3.0,3.5,0.858,1.0,3.4,4.4,2.2,1.1,0.2,1.9,2.7,17.6,,226,Gradey Dick,TOR,4990560,7131511,,,,,4990560
Ousmane Dieng,OKC,C,37,1,405,4.8,11.1,0.432,2.0,6.3,0.324,2.8,4.8,0.574,0.524,1.0,1.4,0.688,1.6,5.6,7.2,2.8,1.5,0.6,1.6,2.9,12.6,,194,Ousmane Dieng,OKC,6670882,,,,,,6670882
Rob Dillingham,MIN,PG,49,1,516,6.5,14.7,0.441,1.7,5.2,0.338,4.7,9.6,0.496,0.5,0.6,1.0,0.533,0.8,2.7,3.5,6.8,1.4,0.1,3.7,2.6,15.3,,198,Rob Dillingham,MIN,6576120,6889320,8763216,,,,6576120
Donte DiVincenzo,MIN,SG,62,10,1606,5.6,13.3,0.422,3.9,9.8,0.397,1.7,3.5,0.49,0.568,1.1,1.4,0.778,0.7,4.4,5.1,5.0,1.6,0.4,2.2,2.6,16.2,,133,Donte DiVincenzo,MIN,11990000,12535000,,,,,24525000
Luka Dončić,2TM,PG,50,50,1769,9.4,20.9,0.45,3.6,9.8,0.368,5.8,11.1,0.522,0.536,6.3,8.0,0.782,0.8,7.5,8.3,7.8,1.8,0.4,3.6,2.6,28.7,,22,Luka Dončić,LAL,45999660,48967380,,,,,45999660
Luguentz Dort,OKC,SF,71,71,2073,4.5,10.3,0.435,3.0,7.2,0.412,1.5,3.1,0.489,0.578,0.6,0.8,0.717,1.5,3.5,5.1,2.0,1.4,0.7,0.9,3.6,12.5,"DPOY-4,DEF1",99,Luguentz Dort,OKC,17722222,17722222,,,,,17722222
Ayo Dosunmu,CHI,SG,46,26,1394,5.7,11.6,0.492,1.6,4.9,0.328,4.1,6.7,0.612,0.561,1.6,2.0,0.785,0.7,3.5,4.2,5.4,1.1,0.5,1.8,2.7,14.6,,186,Ayo Dosunmu,CHI,7518518,,,,,,7518518
Andre Drummond,PHI,C,40,23,751,5.6,11.2,0.5,0.1,1.0,0.15,5.5,10.3,0.533,0.506,2.7,4.3,0.622,5.2,9.6,14.9,1.6,1.9,0.9,2.6,4.5,14.0,,223,Andre Drummond,PHI,5000000,,,,,,5000000
Kris Dunn,LAC,PG,74,58,1783,3.9,8.8,0.439,1.5,4.5,0.335,2.4,4.3,0.549,0.525,0.3,0.4,0.682,1.1,4.0,5.1,4.2,2.6,0.5,1.5,4.0,9.6,,218,Kris Dunn,LAC,5426400,5684800,,,,,5426400
Ryan Dunn,PHO,SF,74,44,1410,5.2,12.2,0.43,2.1,6.7,0.311,3.1,5.4,0.577,0.516,0.5,1.0,0.487,2.3,4.5,6.8,1.5,1.1,1.0,1.0,4.1,13.0,,296,Ryan Dunn,PHO,2657760,2784240,5025553,,,,2657760
Kevin Durant,PHO,PF,62,62,2265,9.4,17.9,0.527,2.5,5.9,0.43,6.9,12.0,0.574,0.598,4.8,5.7,0.839,0.4,5.6,5.9,4.2,0.8,1.2,3.0,1.7,26.2,AS,4,Kevin Durant,HOU,54708609,,,,,,54708609
Jalen Duren,DET,C,78,78,2034,6.7,9.7,0.692,0.0,0.0,,6.7,9.7,0.692,0.692,2.9,4.3,0.669,4.9,9.4,14.3,3.7,1.0,1.6,2.4,4.4,16.2,,199,Jalen Duren,DET,6483144,,,,,,6483144
Tari Eason,HOU,PF,57,16,1420,6.9,14.2,0.487,1.6,4.7,0.342,5.3,9.5,0.557,0.543,2.0,2.6,0.76,3.2,5.9,9.2,2.1,2.5,1.3,1.6,3.4,17.4,,212,Tari Eason,HOU,5675766,,,,,,5675766
Zach Edey,MEM,C,66,55,1416,6.4,11.0,0.58,0.5,1.3,0.346,5.9,9.7,0.612,0.6,2.3,3.2,0.709,5.9,8.0,13.9,1.7,0.9,2.2,2.2,4.6,15.5,ROY-5,206,Zach Edey,MEM,6045000,6332760,8067937,,,,6045000
Anthony Edwards,MIN,SG,79,79,2871,9.0,20.2,0.447,4.0,10.2,0.395,5.0,10.0,0.501,0.547,5.2,6.2,0.837,0.8,4.9,5.6,4.5,1.1,0.6,3.1,1.9,27.3,"MVP-7,CPOY-3,AS,NBA2",24,Anthony Edwards,MIN,45550512,48924624,52298736,55672848,,,202446720
Keon Ellis,SAC,SG,80,28,1948,4.2,8.6,0.489,2.6,5.9,0.433,1.6,2.6,0.615,0.639,1.3,1.6,0.849,1.1,2.8,3.9,2.2,2.2,1.2,1.3,3.3,12.3,,311,Keon Ellis,SAC,2301587,,,,,,2301587
Joel Embiid,PHI,C,19,19,574,8.8,19.8,0.444,1.4,4.8,0.299,7.3,14.9,0.492,0.481,9.3,10.6,0.882,2.3,7.5,9.7,5.3,0.9,1.1,3.9,2.6,28.3,,2,Joel Embiid,PHI,55224526,57985752,62624612,67263472,,,175834890
Kyle Filipowski,UTA,C,72,27,1522,6.1,12.3,0.502,1.8,5.2,0.35,4.3,7.0,0.614,0.576,2.2,3.4,0.65,2.6,7.8,10.4,3.3,1.1,0.5,2.4,4.0,16.3,,275,Kyle Filipowski,UTA,3000000,3000000,3000000,,,,3000000
Simone Fontecchio,DET,SF,75,0,1237,4.4,10.9,0.402,2.2,6.6,0.335,2.2,4.2,0.507,0.504,2.0,2.4,0.833,1.5,4.7,6.3,1.9,0.9,0.3,1.6,2.8,13.0,,175,Simone Fontecchio,MIA,8307692,,,,,,8307692
De'Aaron Fox,2TM,PG,62,62,2241,8.7,18.7,0.463,1.9,6.1,0.31,6.8,12.6,0.538,0.514,4.2,5.1,0.827,0.9,3.9,4.8,6.3,1.5,0.4,2.8,2.6,23.4,,41,De'Aaron Fox,SAS,37096620,,,,,,37096620
Johnny Furphy,IND,SG,50,0,379,3.3,8.7,0.38,1.4,4.7,0.3,1.9,4.0,0.476,0.462,1.7,2.1,0.818,2.2,4.6,6.7,1.8,1.7,1.0,1.1,3.9,9.8,,341,Johnny Furphy,IND,1955377,2296271,2486995,,,,4251648
Daniel Gafford,DAL,C,57,31,1226,8.3,11.8,0.702,0.0,0.0,,8.3,11.8,0.702,0.702,4.0,5.8,0.689,4.6,6.8,11.4,2.3,0.7,3.0,1.9,4.5,20.6,,110,Daniel Gafford,DAL,14386320,,,,,,14386320
Darius Garland,CLE,PG,75,75,2301,8.7,18.4,0.472,3.3,8.3,0.401,5.4,10.1,0.53,0.562,3.5,4.0,0.878,0.7,2.6,3.3,7.9,1.4,0.2,3.0,2.2,24.2,"CPOY-6,AS",31,Darius Garland,CLE,39446090,42166510,44886930,,,,126499530
Keyonte George,UTA,PG,67,35,2109,6.1,15.7,0.391,3.0,8.7,0.343,3.2,7.0,0.449,0.485,4.0,4.9,0.818,0.4,3.9,4.3,6.4,0.8,0.2,3.1,1.9,19.2,,243,Keyonte George,UTA,4278960,6563925,,,,,4278960
Kyshawn George,WAS,SG,68,38,1802,4.1,10.9,0.372,2.3,7.1,0.322,1.8,3.8,0.464,0.476,1.4,1.9,0.753,1.0,4.7,5.7,3.4,1.4,1.0,1.9,4.0,11.8,,278,Kyshawn George,WAS,2966760,3108000,5435892,,,,2966760
Paul George,PHI,PF,41,41,1334,6.6,15.4,0.43,2.6,7.2,0.358,4.0,8.1,0.493,0.514,2.1,2.6,0.814,0.6,5.3,5.9,4.8,2.0,0.5,2.9,2.7,17.9,,15,Paul George,PHI,51666090,54126380,56586670,,,,105792470
Shai Gilgeous-Alexander,OKC,PG,76,76,2598,11.9,22.9,0.519,2.3,6.0,0.375,9.7,16.9,0.571,0.569,8.3,9.3,0.898,0.9,4.3,5.3,6.7,1.8,1.1,2.5,2.3,34.4,"MVP-1,DPOY-10,CPOY-8,AS,NBA1",35,Shai Gilgeous-Alexander,OKC,38333050,40806150,,,,,79139200
Rudy Gobert,MIN,C,72,72,2388,5.1,7.7,0.669,0.0,0.0,,5.1,7.7,0.669,0.669,2.8,4.1,0.674,4.0,7.8,11.8,1.9,0.8,1.6,1.3,2.7,13.1,"DPOY-13,DEF2",45,Rudy Gobert,MIN,35000000,36500000,38000000,,,,71500000
Jordan Goodwin,LAL,PG,29,5,543,4.2,9.5,0.438,1.7,4.5,0.382,2.5,5.0,0.487,0.528,0.6,0.7,0.818,2.5,4.9,7.4,2.8,2.0,0.7,1.7,2.9,10.7,,305,Jordan Goodwin,PHO,2349578,,,,,,2349578
Aaron Gordon,DEN,PF,51,42,1447,6.6,12.4,0.531,1.9,4.3,0.436,4.7,8.1,0.582,0.607,3.6,4.5,0.81,2.0,4.2,6.1,4.1,0.6,0.3,1.8,2.0,18.6,,77,Aaron Gordon,DEN,22841455,31978037,34536280,37094523,,,89355772
Jerami Grant,POR,PF,47,47,1524,5.1,13.6,0.373,2.6,7.0,0.365,2.5,6.6,0.381,0.467,3.3,3.9,0.849,0.6,3.2,3.9,2.4,1.0,1.1,1.5,2.6,16.0,,53,Jerami Grant,POR,32000001,34206898,36413790,,,,66206899
A.J. Green,MIL,SG,73,7,1659,3.9,9.2,0.429,3.4,7.9,0.427,0.6,1.3,0.443,0.612,0.5,0.6,0.815,0.4,3.4,3.8,2.3,0.8,0.2,0.9,3.4,11.7,,313,A.J. Green,MIL,2301587,,,,,,
Draymond Green,GSW,PF,68,66,1983,3.9,9.2,0.424,1.5,4.5,0.325,2.5,4.8,0.517,0.503,1.8,2.7,0.687,1.3,6.2,7.5,7.0,1.8,1.3,3.2,4.0,11.1,"DPOY-3,DEF1",69,Draymond Green,GSW,25892857,27678571,,,,,53571428
Jalen Green,HOU,SG,82,82,2697,8.1,19.2,0.423,3.1,8.8,0.354,5.0,10.4,0.482,0.505,3.6,4.5,0.813,0.6,4.4,5.0,3.8,0.9,0.4,2.7,1.7,23.0,,49,Jalen Green,PHO,33333333,36000000,36000000,,,,69333333
Josh Green,CHO,SG,68,67,1887,3.4,8.0,0.428,1.9,4.7,0.391,1.6,3.3,0.48,0.543,0.9,1.4,0.681,1.1,2.2,3.3,2.1,1.4,0.3,1.3,3.1,9.7,,120,Josh Green,CHO,13666667,14679012,,,,,28345679
Mouhamed Gueye,ATL,PF,33,28,533,4.9,11.5,0.421,1.4,5.5,0.259,3.4,6.1,0.567,0.482,2.2,2.8,0.762,3.0,6.4,9.4,1.8,1.9,2.2,1.0,3.7,13.3,,334,Mouhamed Gueye,ATL,2221677,2406205,,,,,
Rui Hachimura,LAL,PF,59,57,1869,5.6,11.1,0.509,2.0,4.8,0.413,3.7,6.3,0.581,0.597,1.7,2.2,0.77,1.5,4.2,5.7,1.6,0.9,0.5,0.9,2.0,14.9,,92,Rui Hachimura,LAL,18259259,,,,,,18259259
Tyrese Haliburton,IND,PG,73,73,2451,7.0,14.8,0.473,3.2,8.3,0.388,3.8,6.5,0.581,0.582,2.8,3.3,0.851,0.6,3.2,3.8,9.9,1.5,0.7,1.8,1.4,20.0,NBA3,25,Tyrese Haliburton,IND,45550512,48924624,52298736,55672848,,,202446720
Jaden Hardy,DAL,SG,57,3,907,7.1,16.4,0.435,3.0,7.8,0.386,4.1,8.6,0.479,0.527,2.4,3.4,0.698,0.4,3.2,3.5,3.2,1.1,0.2,3.3,3.6,19.7,,208,Jaden Hardy,DAL,6000000,6000000,6000000,,,,12000000
Tobias Harris,DET,PF,73,73,2305,6.0,12.6,0.477,1.4,4.1,0.345,4.6,8.4,0.542,0.534,2.2,2.6,0.861,1.0,5.7,6.7,2.5,1.2,0.9,1.3,2.2,15.6,,67,Tobias Harris,DET,26634146,,,,,,26634146
Josh Hart,NYK,SG,77,77,2897,5.0,9.6,0.525,1.0,3.1,0.333,4.0,6.4,0.618,0.579,2.0,2.5,0.776,2.0,7.2,9.2,5.6,1.5,0.3,2.0,2.5,13.1,,87,Josh Hart,NYK,19472240,20923760,22375280,,,,40396000
Isaiah Hartenstein,OKC,C,57,53,1590,6.3,10.9,0.581,0.0,0.4,0.0,6.3,10.4,0.605,0.581,1.8,2.6,0.675,3.7,10.1,13.8,5.0,1.1,1.4,2.2,3.9,14.4,,60,Isaiah Hartenstein,OKC,28500000,28500000,,,,,28500000
Sam Hauser,BOS,PF,71,19,1541,5.0,11.1,0.451,3.9,9.3,0.416,1.1,1.8,0.64,0.627,0.3,0.3,1.0,1.0,4.2,5.2,1.5,1.0,0.3,0.5,2.0,14.1,,154,Sam Hauser,BOS,10044644,10848215,11651785,12455356,,,45000000
Jordan Hawkins,NOP,SG,56,9,1321,5.6,15.2,0.372,3.0,9.0,0.331,2.6,6.1,0.433,0.471,2.2,2.7,0.816,0.7,3.6,4.3,1.8,0.8,0.6,1.6,1.4,16.5,,232,Jordan Hawkins,NOP,4741320,7021895,,,,,4741320
Scoot Henderson,POR,PG,66,10,1759,5.9,14.0,0.419,2.1,6.1,0.354,3.7,7.9,0.469,0.496,3.2,4.2,0.767,1.1,3.0,4.1,6.9,1.4,0.3,3.6,3.7,17.1,,148,Scoot Henderson,POR,10748040,13585523,,,,,10748040
Taylor Hendricks,UTA,PF,3,3,75,1.9,8.6,0.222,1.4,5.8,0.25,0.5,2.9,0.167,0.306,1.4,1.9,0.75,2.4,4.8,7.2,1.0,2.4,1.9,1.0,3.8,6.7,,204,Taylor Hendricks,UTA,6127080,7805900,,,,,6127080
Tyler Herro,MIA,SG,77,77,2725,8.6,18.2,0.472,3.3,8.9,0.375,5.3,9.4,0.565,0.563,3.8,4.3,0.878,0.5,4.8,5.3,5.6,0.9,0.2,2.6,1.1,24.3,AS,56,Tyler Herro,MIA,31000000,33000000,,,,,64000000
Buddy Hield,GSW,SG,82,22,1863,6.3,15.2,0.417,3.9,10.6,0.37,2.4,4.6,0.527,0.546,1.0,1.2,0.828,1.0,4.1,5.1,2.6,1.3,0.4,1.8,2.6,17.6,,164,Buddy Hield,GSW,9219512,9658536,10097560,,,,18878048
Haywood Highsmith,MIA,SF,74,42,1818,3.5,7.7,0.458,1.8,4.6,0.382,1.8,3.1,0.57,0.572,0.6,0.9,0.721,1.4,3.6,5.0,2.2,1.3,0.7,1.1,3.2,9.5,,213,Haywood Highsmith,MIA,5616000,,,,,,5616000
Jrue Holiday,BOS,PG,62,62,1896,4.8,10.9,0.443,2.1,5.8,0.353,2.8,5.1,0.547,0.538,1.3,1.5,0.909,1.4,3.6,5.0,4.5,1.3,0.5,1.5,1.9,13.0,,52,Jrue Holiday,POR,32400000,34800000,37200000,,,,67200000
Ron Holland,DET,SF,81,2,1266,5.6,11.8,0.474,1.0,4.3,0.238,4.6,7.5,0.608,0.517,2.6,3.5,0.754,1.1,5.1,6.2,2.3,1.4,0.5,2.0,4.0,14.8,,171,Ron Holland,DET,8657280,9069600,11491183,,,,8657280
Chet Holmgren,OKC,C,32,32,877,6.9,14.0,0.49,1.8,4.8,0.379,5.0,9.2,0.547,0.554,4.1,5.5,0.754,2.0,8.6,10.5,2.6,0.9,2.9,2.3,3.0,19.7,,119,Chet Holmgren,OKC,13731368,,,,,,13731368
Caleb Houstan,ORL,SF,58,6,788,3.7,8.7,0.421,2.9,7.3,0.4,0.7,1.4,0.533,0.589,0.7,0.8,0.882,0.9,2.6,3.4,1.6,1.0,0.3,0.6,2.8,10.9,,339,Caleb Houstan,ORL,2187699,,,,,,
Jett Howard,ORL,SF,60,0,701,5.0,13.5,0.374,2.8,9.6,0.296,2.2,3.9,0.566,0.479,0.8,1.2,0.696,1.0,2.6,3.6,2.3,0.7,0.6,1.8,3.5,13.7,,214,Jett Howard,ORL,5529720,7337939,,,,,5529720
Kevin Huerter,2TM,SG,69,31,1679,5.5,13.0,0.425,2.8,8.4,0.338,2.7,4.6,0.587,0.535,0.8,1.1,0.714,0.6,3.8,4.4,3.3,1.4,0.5,1.4,2.6,14.6,,98,Kevin Huerter,CHI,17991071,,,,,,17991071
Jay Huff,MEM,C,64,2,748,7.6,14.7,0.515,3.9,9.6,0.405,3.7,5.1,0.724,0.648,2.1,2.7,0.786,1.4,4.8,6.2,1.8,0.8,2.7,1.6,3.8,21.1,,306,Jay Huff,IND,2349578,2667944,3005085,,,,2349578
Ariel Hukporti,NYK,C,25,1,217,3.5,5.1,0.677,0.0,0.0,,3.5,5.1,0.677,0.677,1.0,2.2,0.462,2.3,6.1,8.5,1.8,0.2,2.5,3.5,5.3,8.0,,346,Ariel Hukporti,NYK,1955377,,,,,,1955377
De'Andre Hunter,2TM,SF,64,9,1740,7.4,15.8,0.47,3.2,8.0,0.405,4.2,7.7,0.537,0.573,4.4,5.3,0.846,0.9,4.4,5.3,1.9,1.0,0.3,1.7,3.2,22.5,6MOY-4,76,De'Andre Hunter,CLE,23303571,24910714,,,,,48214285
Oso Ighodaro,PHO,PF,61,6,1045,3.9,6.4,0.604,0.0,0.1,0.0,3.9,6.4,0.611,0.604,1.0,1.7,0.58,2.3,5.4,7.6,2.4,1.0,1.0,1.3,3.5,8.8,,345,Oso Ighodaro,PHO,1955377,2296271,2486995,,,,1955377
Brandon Ingram,NOP,SF,18,18,595,9.4,20.1,0.465,2.6,7.0,0.374,6.8,13.2,0.514,0.53,2.8,3.3,0.855,1.0,5.0,6.1,5.6,1.0,0.7,4.2,2.7,24.2,,37,Brandon Ingram,TOR,38095238,40000000,41904762,,,,78095238
Jonathan Isaac,ORL,PF,71,1,1090,4.4,10.7,0.414,1.3,5.0,0.258,3.1,5.7,0.549,0.474,2.4,3.5,0.682,4.0,6.4,10.4,1.3,2.0,2.6,1.1,3.0,12.6,,108,Jonathan Isaac,ORL,15000000,14500000,14500000,15000000,,,44000000
Jaden Ivey,DET,SG,30,30,898,7.6,16.6,0.46,2.5,6.2,0.409,5.1,10.4,0.49,0.536,3.4,4.7,0.733,1.6,3.4,5.0,4.8,1.1,0.4,3.6,2.7,21.2,,153,Jaden Ivey,DET,10107163,,,,,,10107163
Andre Jackson Jr.,MIL,SG,67,43,980,3.5,7.2,0.477,1.1,2.8,0.395,2.4,4.4,0.529,0.553,0.4,0.9,0.5,2.4,4.3,6.7,3.0,1.2,0.5,2.1,4.2,8.4,,331,Andre Jackson Jr.,MIL,2221677,2406205,,,,,
GG Jackson II,MEM,PF,29,3,459,5.8,15.6,0.372,2.5,7.5,0.337,3.3,8.2,0.404,0.452,2.3,3.1,0.725,2.1,5.1,7.2,2.3,0.9,0.4,2.4,2.4,16.4,,321,GG Jackson II,MEM,2221677,2406205,,,,,2221677
Jaren Jackson Jr.,MEM,C,74,74,2207,9.7,19.8,0.488,2.4,6.3,0.375,7.3,13.4,0.541,0.548,5.1,6.5,0.781,1.5,5.3,6.8,2.4,1.5,1.8,2.5,4.2,26.8,"DPOY-7,AS,DEF2",46,Jaren Jackson Jr.,MEM,35000000,,,,,,35000000
Trayce Jackson-Davis,GSW,C,62,37,967,6.5,11.2,0.576,0.0,0.1,0.0,6.5,11.1,0.582,0.576,2.2,3.8,0.578,4.5,7.0,11.6,3.9,0.9,1.4,1.7,2.7,15.2,,332,Trayce Jackson-Davis,GSW,2221677,2406205,,,,,
Bronny James,LAL,SG,27,1,181,4.2,13.3,0.313,1.8,6.4,0.281,2.4,7.0,0.343,0.381,2.2,2.8,0.786,0.8,2.8,3.6,4.4,1.8,0.6,2.6,2.6,12.3,,350,Bronny James,LAL,1955377,2296271,2486995,,,,1955377
LeBron James,LAL,SF,70,70,2444,9.6,18.7,0.513,2.2,5.8,0.376,7.4,12.9,0.574,0.571,3.8,4.9,0.782,1.1,7.0,8.0,8.5,1.0,0.6,3.8,1.5,25.2,"MVP-6,CPOY-7,AS,NBA2",14,LeBron James,LAL,52627153,,,,,,52627153
Jaime Jaquez Jr.,MIA,SF,66,17,1368,5.6,12.2,0.461,1.0,3.1,0.311,4.6,9.0,0.513,0.501,2.8,3.7,0.754,2.2,5.4,7.6,4.4,1.6,0.4,2.6,2.1,15.0,,250,Jaime Jaquez Jr.,MIA,3861600,5939141,,,,,3861600
DaQuan Jeffries,CHO,SG,47,20,1071,4.0,9.8,0.405,1.8,5.5,0.335,2.1,4.3,0.496,0.5,0.8,1.0,0.8,1.2,3.3,4.5,1.8,0.9,0.8,1.2,3.3,10.6,,290,DaQuan Jeffries,CHO,2743776,3080918,,,,,
Isaiah Joe,OKC,SG,74,16,1604,5.8,13.2,0.44,4.3,10.5,0.412,1.5,2.7,0.549,0.604,1.0,1.3,0.821,0.9,3.5,4.4,2.7,1.1,0.2,0.9,2.5,17.0,,131,Isaiah Joe,OKC,12362338,11323006,11323006,,,,23685344
AJ Johnson,2TM,SG,29,11,639,4.6,12.0,0.385,1.4,5.1,0.267,3.3,6.9,0.472,0.441,1.8,2.1,0.865,0.5,2.9,3.3,4.3,0.7,0.2,2.0,2.8,12.4,,272,AJ Johnson,WAS,3090480,3237120,5493394,,,,3090480
Cameron Johnson,BRK,PF,57,57,1800,7.1,14.9,0.475,3.2,8.2,0.39,3.9,6.8,0.578,0.582,4.0,4.5,0.893,1.1,3.9,4.9,3.9,1.1,0.5,2.0,2.1,21.4,,83,Cameron Johnson,DEN,20543478,22500000,,,,,43043478
Jalen Johnson,ATL,SF,36,36,1284,7.6,15.2,0.5,1.2,4.0,0.312,6.4,11.2,0.566,0.541,2.6,3.5,0.746,1.7,8.3,10.1,5.1,1.6,1.0,3.0,1.9,19.1,,59,Jalen Johnson,ATL,30000000,30000000,30000000,30000000,30000000,,150000000
Keldon Johnson,SAS,SF,77,0,1838,7.3,15.1,0.482,1.7,5.4,0.318,5.6,9.7,0.573,0.538,2.9,3.8,0.773,2.2,5.1,7.3,2.4,1.0,0.4,1.5,2.3,19.2,,100,Keldon Johnson,SAS,17500000,17500000,,,,,35000000
Keon Johnson,BRK,SG,79,56,1925,5.7,14.6,0.389,2.4,7.5,0.314,3.3,7.1,0.468,0.47,2.0,2.6,0.77,1.2,4.4,5.6,3.3,1.5,0.6,2.2,3.9,15.7,,307,Keon Johnson,BRK,2349578,,,,,,2349578
Keshad Johnson,MIA,SF,16,0,98,6.6,9.6,0.692,1.1,2.6,0.429,5.5,7.0,0.789,0.75,1.5,3.3,0.444,2.2,8.1,10.3,1.5,1.8,1.5,1.5,4.0,15.8,,348,Keshad Johnson,MIA,1955377,,,,,,1955377
Nikola Jokić,DEN,C,70,70,2571,11.0,19.1,0.576,1.9,4.6,0.417,9.1,14.5,0.627,0.627,5.1,6.3,0.8,2.8,9.7,12.5,10.0,1.8,0.6,3.2,2.2,29.0,"MVP-2,CPOY-2,AS,NBA1",3,Nikola Jokić,DEN,55224526,59033114,62841702,,,,114257640
Derrick Jones Jr.,LAC,SF,77,55,1873,6.0,11.3,0.526,1.5,4.2,0.356,4.5,7.1,0.627,0.593,1.6,2.3,0.703,1.8,3.3,5.1,1.2,1.5,0.6,1.3,2.9,15.0,,156,Derrick Jones Jr.,LAC,10000000,10476190,,,,,20476190
Dillon Jones,OKC,SF,54,3,551,3.3,8.7,0.383,1.0,4.1,0.254,2.3,4.6,0.5,0.444,1.1,1.8,0.607,2.0,5.9,7.9,3.8,1.0,0.3,1.8,3.5,8.8,,288,Dillon Jones,OKC,2753280,2884440,5200646,,,,2753280
Herbert Jones,NOP,SF,20,20,648,4.2,9.6,0.436,1.2,4.0,0.306,2.9,5.6,0.53,0.5,1.8,2.2,0.825,1.2,3.1,4.3,3.6,2.1,0.5,1.9,3.7,11.4,,116,Herbert Jones,NOP,13937574,14898786,,,,,28836360
Isaac Jones,SAC,PF,40,0,304,6.4,9.8,0.651,0.4,0.9,0.375,6.0,8.9,0.68,0.669,2.7,4.3,0.639,2.6,4.1,6.8,1.4,0.6,1.2,1.9,3.6,15.9,,344,Isaac Jones,SAC,1955377,,,,,,1955377
Nikola Jović,MIA,PF,46,10,1156,5.4,11.7,0.456,2.4,6.5,0.371,2.9,5.2,0.563,0.56,2.2,2.7,0.828,0.8,4.8,5.6,4.1,1.2,0.4,1.9,2.6,15.4,,238,Nikola Jović,MIA,4445417,,,,,,4445417
Walker Kessler,UTA,C,58,58,1740,5.8,8.7,0.663,0.1,0.7,0.176,5.6,8.0,0.706,0.671,1.6,3.1,0.52,5.5,9.1,14.6,2.0,0.7,2.9,1.8,2.7,13.3,,231,Walker Kessler,UTA,4878938,,,,,,4878938
Corey Kispert,WAS,SF,61,0,1602,5.7,12.7,0.451,2.7,7.4,0.364,3.0,5.3,0.574,0.558,1.7,2.0,0.852,0.8,3.3,4.1,2.3,0.6,0.3,1.4,2.2,15.8,,115,Corey Kispert,WAS,13975000,13975000,13050000,13050000,,,41000000
Maxi Kleber,DAL,PF,34,4,637,2.1,5.4,0.385,0.7,2.8,0.265,1.4,2.7,0.511,0.453,0.9,1.2,0.762,1.4,4.0,5.4,2.4,0.5,1.0,1.3,3.7,5.8,,145,Maxi Kleber,LAL,11000000,,,,,,11000000
Bobi Klintman,DET,SF,8,0,42,5.1,8.6,0.6,1.7,4.3,0.4,3.4,4.3,0.8,0.7,0.9,1.7,0.5,0.9,5.1,6.0,6.0,1.7,0.9,0.9,6.9,12.9,,353,Bobi Klintman,DET,1955377,2296271,2486995,,,,1955377
Dalton Knecht,LAL,SF,78,16,1494,6.2,13.4,0.461,3.1,8.2,0.376,3.1,5.2,0.594,0.576,1.5,2.0,0.762,0.9,4.3,5.2,1.6,0.6,0.2,0.9,2.2,17.0,,247,Dalton Knecht,LAL,4010160,4201080,6452860,,,,4010160
Tyler Kolek,NYK,PG,41,0,296,3.3,10.0,0.329,1.7,5.7,0.298,1.6,4.3,0.371,0.415,1.6,2.1,0.765,1.0,2.3,3.3,8.5,1.5,0.5,2.2,3.2,9.9,,336,Tyler Kolek,NYK,2191897,2296271,2486995,,,,4488168
John Konchar,MEM,SG,46,4,558,2.6,5.9,0.451,1.5,4.0,0.371,1.2,1.9,0.621,0.577,0.5,0.5,0.875,2.4,7.4,9.7,2.7,1.9,0.9,1.0,2.1,7.2,,203,John Konchar,MEM,6165000,6165000,,,,,12330000
Luke Kornet,BOS,C,73,16,1361,4.9,7.4,0.668,0.0,0.1,0.0,4.9,7.3,0.675,0.668,1.8,2.6,0.691,5.0,5.2,10.3,3.1,1.0,1.9,0.8,3.1,11.7,,142,Luke Kornet,SAS,11000000,10450000,9900000,9350000,,,24000000
Vit Krejci,ATL,PG,57,16,1153,4.5,9.1,0.497,2.8,6.4,0.437,1.7,2.7,0.64,0.651,1.0,1.4,0.711,0.7,4.2,4.9,4.6,1.1,0.8,1.6,3.3,12.9,,310,Vit Krejci,ATL,2349578,2667944,3005085,,,,
Kyle Kuzma,2TM,PF,65,62,1936,6.9,15.8,0.436,1.8,5.8,0.307,5.1,9.9,0.512,0.493,2.4,3.8,0.634,1.0,5.9,6.9,2.8,0.7,0.4,2.7,2.2,17.9,,78,Kyle Kuzma,MIL,22410605,20345152,,,,,42755757
Jock Landale,HOU,C,42,3,500,5.8,10.9,0.533,0.8,1.9,0.423,5.0,9.1,0.556,0.569,1.9,2.9,0.675,4.0,5.8,9.9,2.7,0.9,0.7,1.5,3.5,14.4,,180,Jock Landale,HOU,8000000,,,,,,8000000
Pelle Larsson,MIA,SG,55,8,782,4.1,9.3,0.438,1.5,4.4,0.337,2.6,5.0,0.528,0.517,1.9,2.8,0.672,1.3,2.9,4.2,3.0,1.5,0.3,1.1,4.2,11.6,,357,Pelle Larsson,MIA,1955377,2296271,,,,,
Zach LaVine,2TM,SG,74,74,2602,8.6,16.9,0.511,3.3,7.4,0.446,5.3,9.5,0.562,0.609,3.3,3.9,0.825,0.3,4.1,4.4,4.3,0.8,0.2,2.9,1.7,23.9,,17,Zach LaVine,SAC,47499660,48967380,,,,,47499660
A.J. Lawson,TOR,SG,26,2,486,5.9,14.1,0.421,2.4,7.5,0.327,3.5,6.6,0.528,0.508,3.2,4.7,0.683,1.5,4.9,6.4,2.3,1.0,0.4,1.1,3.3,17.5,,316,A.J. Lawson,TOR,2270735,,,,,,
Kawhi Leonard,LAC,SF,37,37,1180,9.5,19.0,0.498,2.4,5.8,0.411,7.1,13.2,0.536,0.56,3.0,3.7,0.81,1.1,5.6,6.7,3.5,1.8,0.5,2.2,1.7,24.3,,16,Kawhi Leonard,LAC,50000000,50300000,,,,,100300000
E.J. Liddell,CHI,PF,12,0,53,5.4,10.2,0.533,2.0,6.8,0.3,3.4,3.4,1.0,0.633,1.4,1.4,1.0,2.0,4.1,6.1,2.0,0.7,0.7,1.4,7.5,14.3,,358,E.J. Liddell,PHO,706898,706898,,,,,1413796
Damian Lillard,MIL,PG,58,58,2093,7.6,17.1,0.448,3.4,9.0,0.376,4.2,8.0,0.528,0.547,6.2,6.8,0.921,0.5,4.2,4.7,7.1,1.2,0.2,2.8,1.7,24.9,AS,9,Damian Lillard,MIL,54126450,,,,,,54126450
Dereck Lively II,DAL,C,36,29,833,5.8,8.3,0.702,0.0,0.0,,5.8,8.3,0.702,0.702,2.0,3.2,0.63,4.5,7.2,11.7,3.7,0.9,2.4,1.8,4.3,13.6,,220,Dereck Lively II,DAL,5253360,7239131,,,,,5253360
Kevin Love,MIA,PF,23,9,251,5.9,16.5,0.357,3.4,9.6,0.358,2.4,6.9,0.354,0.461,2.3,3.3,0.696,3.2,10.3,13.5,3.2,2.2,0.6,2.0,3.0,17.5,,246,Kevin Love,UTA,4150000,,,,,,4150000
Terance Mann,2TM,SG,67,13,1414,5.2,10.5,0.496,1.5,4.1,0.368,3.7,6.4,0.58,0.569,1.2,1.7,0.691,1.7,3.3,5.1,3.1,1.2,0.4,1.2,3.3,13.2,,105,Terance Mann,BRK,15500000,15500000,16000000,,,,47000000
Lauri Markkanen,UTA,PF,47,47,1476,7.2,17.1,0.423,3.4,9.7,0.346,3.9,7.3,0.525,0.521,4.0,4.5,0.876,1.8,5.0,6.8,1.7,0.8,0.4,1.6,1.9,21.8,,20,Lauri Markkanen,UTA,46394100,46113154,49824681,53536209,,,195868144
Naji Marshall,DAL,SF,69,31,1919,6.8,13.4,0.508,1.1,4.1,0.275,5.7,9.3,0.611,0.551,2.4,3.0,0.813,1.4,4.7,6.2,3.9,1.3,0.2,2.1,2.0,17.1,,168,Naji Marshall,DAL,9000000,9428571,,,,,18428571
Caleb Martin,2TM,SF,45,24,1218,3.8,9.0,0.424,1.1,3.0,0.359,2.7,5.9,0.458,0.485,1.8,2.9,0.622,1.6,3.7,5.2,2.8,1.4,0.7,1.7,2.6,10.5,,161,Caleb Martin,DAL,9594044,10001493,9371351,,,,19595537
KJ Martin,2TM,PF,43,16,912,4.4,7.9,0.552,0.6,2.3,0.259,3.8,5.6,0.671,0.59,1.5,1.9,0.787,1.2,3.7,4.9,1.9,0.7,0.9,0.9,4.0,10.8,,179,KJ Martin,UTA,8025000,,,,,,
Tyrese Martin,BRK,SG,60,11,1315,5.2,12.7,0.406,2.7,7.7,0.351,2.5,5.0,0.492,0.513,1.3,1.6,0.793,1.6,4.4,6.0,3.3,0.9,0.2,2.0,2.1,14.3,,338,Tyrese Martin,BRK,2191897,,,,,,2191897
Bennedict Mathurin,IND,SF,72,49,2149,6.6,14.3,0.458,1.6,4.8,0.34,4.9,9.5,0.519,0.516,4.6,5.6,0.831,1.5,5.0,6.4,2.3,0.8,0.4,2.3,2.7,19.4,,166,Bennedict Mathurin,IND,9187573,,,,,,9187573
Karlo Matković,NOP,PF,42,7,791,6.1,10.7,0.574,1.0,3.0,0.318,5.2,7.7,0.675,0.619,1.5,2.0,0.773,2.9,6.6,9.5,2.1,1.0,1.9,2.0,4.8,14.8,,347,Karlo Matković,NOP,1955377,2296271,,,,,1955377
Tyrese Maxey,PHI,PG,52,52,1960,8.8,20.0,0.437,3.0,8.8,0.337,5.8,11.3,0.515,0.511,4.7,5.3,0.879,0.3,2.9,3.2,5.8,1.7,0.4,2.3,2.1,25.1,CPOY-10,38,Tyrese Maxey,PHI,37958760,40770520,43582280,46394040,,,168705600
Miles McBride,NYK,PG,64,10,1593,5.0,12.4,0.406,2.6,7.1,0.369,2.4,5.3,0.455,0.511,1.2,1.4,0.813,1.1,2.6,3.6,4.2,1.5,0.4,0.9,2.4,13.8,,242,Miles McBride,NYK,4333333,3956523,,,,,8289856
Jared McCain,PHI,SG,23,8,592,7.7,16.7,0.46,3.1,8.1,0.383,4.6,8.6,0.532,0.553,3.0,3.4,0.875,0.8,2.6,3.4,3.6,0.9,0.0,2.3,2.3,21.4,ROY-7,244,Jared McCain,PHI,4221360,4422600,6784268,,,,4221360
CJ McCollum,NOP,PG,56,56,1832,8.7,19.7,0.444,3.4,9.0,0.373,5.4,10.6,0.505,0.53,2.4,3.4,0.717,0.8,3.3,4.2,4.5,0.9,0.5,2.1,2.4,23.2,,58,CJ McCollum,WAS,30666666,,,,,,30666666
T.J. McConnell,IND,PG,79,1,1415,8.2,15.9,0.519,0.4,1.2,0.306,7.9,14.6,0.537,0.531,1.5,2.0,0.74,1.1,3.8,4.9,8.9,2.1,0.5,2.8,2.0,18.3,,151,T.J. McConnell,IND,10200000,11000000,11800000,11800000,,,33000000
Jaden McDaniels,MIN,PF,82,82,2614,5.5,11.5,0.477,1.4,4.2,0.33,4.1,7.3,0.561,0.537,1.4,1.8,0.813,1.8,4.7,6.5,2.2,1.5,1.0,1.3,3.1,13.8,,74,Jaden McDaniels,MIN,24858622,26700001,28541380,30382755,,,110482758
Vasilije Micić,2TM,PG,41,16,785,4.4,12.5,0.348,2.1,5.7,0.36,2.3,6.8,0.338,0.43,1.6,1.9,0.829,0.9,3.2,4.1,5.9,0.7,0.0,3.5,2.1,12.3,,178,Vasilije Micić,MIL,8109150,,,,,,8109150
Khris Middleton,2TM,SF,37,21,843,6.8,14.4,0.475,2.0,5.7,0.361,4.8,8.7,0.549,0.546,3.1,3.6,0.857,0.6,5.3,5.9,6.4,1.5,0.3,2.4,3.2,18.8,,50,Khris Middleton,WAS,33296296,,,,,,33296296
Brandon Miller,CHO,SF,27,27,924,7.7,19.1,0.403,4.1,11.4,0.355,3.7,7.7,0.475,0.509,2.6,3.1,0.861,1.0,4.1,5.1,3.8,1.1,0.8,3.0,2.9,22.1,,134,Brandon Miller,CHO,11968800,15104626,,,,,11968800
Leonard Miller,MIN,SF,13,0,32,6.8,16.9,0.4,0.0,5.6,0.0,6.8,11.3,0.6,0.4,9.0,9.0,1.0,3.4,9.0,12.4,0.0,2.3,1.1,2.3,2.3,22.5,,330,Leonard Miller,MIN,2221677,2406205,,,,,
Dariq Whitehead,BRK,SF,20,0,246,5.7,14.0,0.406,4.8,10.8,0.446,0.9,3.2,0.273,0.578,0.4,0.7,0.6,0.6,3.7,4.2,1.8,0.9,0.1,2.2,3.2,16.7,,265,Dariq Whitehead,BRK,3262560,5366912,,,,,3262560
Shake Milton,2TM,SG,57,2,837,4.9,10.9,0.453,1.6,4.6,0.358,3.3,6.4,0.52,0.528,2.0,2.5,0.797,1.3,3.1,4.5,4.4,1.1,0.2,1.7,2.9,13.5,,274,Shake Milton,LAL,3000000,3287406,,,,,6287406
Yves Missi,NOP,C,73,67,1956,5.0,9.1,0.547,0.0,0.0,0.0,5.0,9.0,0.548,0.547,2.3,3.8,0.623,4.7,6.4,11.1,1.8,0.7,1.8,1.5,2.7,12.2,,264,Yves Missi,NOP,3353040,3512760,5595827,,,,3353040
Donovan Mitchell,CLE,SG,71,71,2232,9.4,21.3,0.443,3.8,10.2,0.368,5.7,11.1,0.512,0.531,4.8,5.8,0.823,0.9,4.3,5.2,5.7,1.5,0.3,2.4,2.3,27.4,"MVP-5,CPOY-9,AS,NBA1",21,Donovan Mitchell,CLE,46394100,50105628,53817156,,,,96499728
Evan Mobley,CLE,PF,71,71,2167,8.4,15.1,0.557,1.4,3.8,0.37,7.0,11.2,0.621,0.604,3.7,5.1,0.725,2.7,8.2,10.9,3.8,1.0,1.9,2.4,2.3,21.9,"MVP-10,DPOY-1,AS,NBA2,DEF1",18,Evan Mobley,CLE,46394100,50105628,53817156,57528684,51033510,,258879078
Jonathan Mogbo,TOR,PF,63,18,1286,4.4,10.0,0.438,0.5,2.0,0.243,3.9,8.0,0.486,0.462,1.7,2.3,0.732,3.1,5.7,8.7,4.1,1.5,1.0,2.0,3.8,10.9,,342,Jonathan Mogbo,TOR,1955377,2296271,,,,,1955377
Malik Monk,SAC,SG,65,45,2054,7.2,16.5,0.439,2.4,7.5,0.325,4.8,9.0,0.534,0.513,2.7,3.1,0.865,0.5,3.8,4.3,6.3,1.1,0.7,2.8,2.8,19.6,,91,Malik Monk,SAC,18797619,20190035,21582451,,,,38987654
Moses Moody,GSW,SG,74,34,1649,5.4,12.4,0.433,2.8,7.4,0.374,2.6,5.0,0.519,0.544,2.3,2.9,0.797,1.1,3.0,4.1,2.1,1.3,0.7,1.2,2.5,15.8,,136,Moses Moody,GSW,11574075,12500000,13425925,,,,37500000
Ja Morant,MEM,PG,50,50,1519,9.6,21.1,0.454,2.1,6.8,0.309,7.5,14.3,0.523,0.504,6.2,7.6,0.824,0.8,4.1,4.9,8.6,1.4,0.3,4.4,2.7,27.5,,30,Ja Morant,MEM,39446090,42166510,44886930,,,,126499530
Trey Murphy III,NOP,SF,53,51,1854,7.4,16.3,0.454,3.1,8.5,0.361,4.3,7.8,0.556,0.548,4.0,4.5,0.887,0.9,4.3,5.2,3.7,1.1,0.8,2.0,2.2,21.8,,71,Trey Murphy III,NOP,25000000,27000000,29000000,31000000,,,112000000
Dejounte Murray,NOP,PG,31,31,1012,6.9,17.6,0.393,1.8,6.2,0.299,5.1,11.4,0.444,0.445,3.6,4.4,0.823,0.6,6.5,7.1,8.1,2.2,0.4,3.8,2.2,19.3,,55,Dejounte Murray,NOP,31557103,33597072,31619506,,,,65154175
Jamal Murray,DEN,PG,67,67,2418,7.9,16.7,0.474,2.3,5.9,0.393,5.6,10.8,0.518,0.543,3.2,3.7,0.886,0.7,3.2,3.9,6.0,1.4,0.5,2.1,1.9,21.4,,19,Jamal Murray,DEN,46394100,50105628,53817156,57528684,,,207845568
Keegan Murray,SAC,PF,76,76,2610,5.0,11.3,0.444,2.1,6.2,0.343,2.9,5.1,0.566,0.538,0.8,1.0,0.833,2.0,5.0,7.0,1.5,0.8,1.0,0.8,2.6,13.0,,140,Keegan Murray,SAC,11144093,,,,,,11144093
Kris Murray,POR,SF,69,6,1040,4.1,9.7,0.419,0.9,4.2,0.225,3.1,5.5,0.566,0.468,0.9,2.0,0.456,2.6,3.7,6.3,2.4,1.2,0.6,1.5,2.3,9.9,,269,Kris Murray,POR,3132000,5315004,,,,,3132000
Svi Mykhailiuk,UTA,SF,38,13,760,5.6,14.3,0.391,3.3,9.6,0.345,2.3,4.7,0.485,0.507,1.3,1.7,0.8,1.0,3.2,4.3,3.6,0.9,0.3,2.5,2.0,15.8,,254,Svi Mykhailiuk,UTA,3675000,3850000,4025000,,,,
Andrew Nembhard,IND,SG,65,65,1881,4.7,10.3,0.458,1.0,3.3,0.291,3.8,7.0,0.538,0.506,2.1,2.6,0.794,0.7,3.5,4.1,6.2,1.5,0.2,2.1,2.9,12.5,,95,Andrew Nembhard,IND,18102000,19550160,20998320,,,,58650480
Aaron Nesmith,IND,SF,45,37,1123,6.2,12.1,0.507,2.7,6.3,0.431,3.5,5.9,0.587,0.617,2.3,2.6,0.913,1.2,4.5,5.7,1.7,1.1,0.5,1.2,3.7,17.3,,144,Aaron Nesmith,IND,11000000,11000000,,,,,22000000
Georges Niang,2TM,PF,79,3,1697,6.1,13.2,0.461,3.5,8.7,0.406,2.5,4.5,0.569,0.595,1.0,1.2,0.793,1.0,4.8,5.8,2.4,0.6,0.3,1.7,4.3,16.6,,176,Georges Niang,BOS,8200000,,,,,,8200000
Zeke Nnaji,DEN,PF,57,4,608,4.1,8.3,0.496,1.0,3.1,0.327,3.1,5.3,0.596,0.557,1.6,2.6,0.614,2.0,3.4,5.3,1.4,1.5,2.3,0.8,3.7,10.9,,177,Zeke Nnaji,DEN,8177778,7466667,7466667,,,,15644445
Jusuf Nurkić,2TM,C,51,32,1063,5.7,11.9,0.477,1.1,3.6,0.305,4.6,8.4,0.551,0.523,2.9,4.3,0.664,2.9,10.6,13.5,3.9,1.4,1.2,3.3,4.4,15.3,,88,Jusuf Nurkić,CHO,19375000,,,,,,19375000
Royce O'Neale,PHO,SF,75,22,1837,4.7,11.2,0.423,3.5,8.6,0.406,1.2,2.5,0.481,0.58,0.4,0.5,0.731,1.0,5.8,6.8,3.2,1.3,0.7,1.3,3.0,13.3,,152,Royce O'Neale,PHO,10125000,10875000,11625000,,,,32625000
Chuma Okeke,2TM,PF,9,3,196,3.7,7.3,0.5,2.0,5.1,0.393,1.7,2.2,0.75,0.638,0.4,0.6,0.667,3.9,4.8,8.6,2.8,0.9,0.7,0.6,0.9,9.7,,302,Chuma Okeke,CLE,2546675,,,,,,
Onyeka Okongwu,ATL,C,74,40,2064,6.8,11.9,0.567,0.8,2.6,0.324,5.9,9.3,0.634,0.602,2.9,3.8,0.759,3.8,7.7,11.5,2.9,1.2,1.2,1.6,3.4,17.2,,107,Onyeka Okongwu,ATL,15000000,16120000,16880000,,,,48000000
Isaac Okoro,CLE,SG,55,22,1053,4.2,9.1,0.464,1.9,5.2,0.371,2.3,4.0,0.586,0.569,1.1,1.6,0.717,1.7,2.8,4.4,2.3,1.1,0.5,0.8,3.6,11.5,,143,Isaac Okoro,CHI,11000000,11814814,,,,,22814814
Kelly Olynyk,2TM,C,44,22,891,5.4,10.8,0.5,1.3,3.2,0.418,4.1,7.6,0.534,0.562,3.4,4.4,0.769,2.5,5.8,8.3,5.2,1.3,0.8,3.1,5.0,15.5,,122,Kelly Olynyk,SAS,13445122,,,,,,13445122
Kelly Oubre Jr.,PHI,SF,60,57,2078,6.0,12.8,0.47,1.2,4.2,0.293,4.8,8.6,0.555,0.518,2.4,3.2,0.751,1.7,4.7,6.4,1.9,1.6,0.5,1.4,3.1,15.7,,173,Kelly Oubre Jr.,PHI,8382150,,,,,,8382150
Elfrid Payton,2TM,PG,24,9,511,2.8,8.6,0.328,0.1,0.4,0.167,2.7,8.2,0.336,0.332,0.3,0.5,0.571,1.1,4.5,5.6,11.7,1.7,0.8,4.2,2.5,6.0,,268,Elfrid Payton,NOP,3153598,,,,,,
Julian Phillips,CHI,SF,79,5,1123,4.1,9.2,0.446,1.6,4.9,0.327,2.5,4.3,0.582,0.533,1.9,2.4,0.789,2.1,3.3,5.4,1.3,1.2,0.6,0.9,3.5,11.7,,325,Julian Phillips,CHI,2221677,2406205,,,,,2221677
Jalen Pickett,DEN,SG,49,4,666,4.2,9.7,0.428,2.2,5.5,0.396,2.0,4.3,0.468,0.539,0.3,0.4,0.75,0.8,3.0,3.8,5.8,1.0,0.3,1.3,2.1,10.8,,323,Jalen Pickett,DEN,2221677,2406205,,,,,2221677
Scotty Pippen Jr.,MEM,PG,79,21,1683,6.1,12.7,0.48,1.9,4.7,0.397,4.2,8.0,0.528,0.553,2.6,3.7,0.713,1.4,4.1,5.5,7.4,2.2,0.6,3.0,4.3,16.7,,314,Scotty Pippen Jr.,MEM,2270735,2461462,2789215,,,,2270735
Brandin Podziemski,GSW,SG,64,33,1716,5.9,13.2,0.445,2.4,6.5,0.372,3.5,6.7,0.516,0.537,1.5,2.0,0.758,1.4,5.5,6.8,4.6,1.4,0.3,1.6,2.0,15.7,,253,Brandin Podziemski,GSW,3687960,5679459,,,,,3687960
Jakob Poeltl,TOR,C,57,56,1686,7.8,12.4,0.627,0.0,0.1,0.333,7.7,12.3,0.628,0.628,2.1,3.1,0.674,4.0,7.6,11.7,3.4,1.4,1.5,2.4,3.8,17.6,,86,Jakob Poeltl,TOR,19500000,19500000,,,,,39000000
Jordan Poole,WAS,SG,68,68,2001,8.2,19.0,0.432,4.2,11.2,0.378,4.0,7.8,0.51,0.544,4.4,4.9,0.883,0.6,3.1,3.7,5.5,1.5,0.5,3.7,3.6,25.0,,54,Jordan Poole,NOP,31848215,34044642,,,,,65892857
Craig Porter Jr.,CLE,PG,51,1,513,5.1,9.8,0.514,1.5,3.4,0.438,3.6,6.5,0.554,0.589,1.6,2.2,0.719,1.3,3.4,4.7,5.0,1.2,1.1,2.7,1.8,13.2,,333,Craig Porter Jr.,CLE,2221677,2406205,,,,,
Michael Porter Jr.,DEN,SF,77,77,2593,7.3,14.5,0.504,2.7,6.8,0.395,4.7,7.8,0.599,0.596,2.1,2.7,0.768,1.9,5.6,7.5,2.3,0.7,0.5,1.4,2.2,19.4,,36,Michael Porter Jr.,BRK,38333050,40806150,,,,,50333050
Kristaps Porziņģis,BOS,C,42,42,1210,8.2,17.1,0.483,3.1,7.4,0.412,5.2,9.6,0.537,0.572,4.8,5.9,0.809,2.0,6.4,8.4,2.6,0.9,1.9,1.6,3.5,24.3,,57,Kristaps Porziņģis,ATL,30731707,,,,,,30731707
Quinten Post,GSW,PF,42,14,686,6.5,14.4,0.449,3.8,9.4,0.408,2.6,5.0,0.526,0.582,1.1,1.4,0.778,1.8,5.9,7.8,2.9,0.8,0.9,1.7,4.4,17.8,,352,Quinten Post,GSW,1955377,,,,,,1955377
Dwight Powell,DAL,C,55,3,551,2.7,4.0,0.689,0.1,0.3,0.4,2.6,3.7,0.714,0.705,1.8,2.8,0.651,3.1,4.6,7.7,3.6,1.2,1.4,1.2,4.9,7.4,,248,Dwight Powell,DAL,4000000,,,,,,4000000
Norman Powell,LAC,SG,60,60,1958,8.4,17.4,0.484,3.3,7.9,0.418,5.1,9.5,0.538,0.578,3.9,4.9,0.804,0.4,3.1,3.5,2.3,1.3,0.2,2.0,2.1,24.0,,84,Norman Powell,MIA,20482758,,,,,,20482758
Payton Pritchard,BOS,PG,80,3,2271,6.5,13.7,0.472,4.0,9.9,0.407,2.4,3.8,0.642,0.62,1.1,1.3,0.845,1.6,3.2,4.9,4.4,1.1,0.2,1.3,1.9,18.1,6MOY-1,188,Payton Pritchard,BOS,7232143,7767857,8303571,,,,23303571
Olivier-Maxence Prosper,DAL,PF,52,4,584,4.3,10.7,0.402,0.7,3.1,0.235,3.6,7.6,0.472,0.437,3.0,4.7,0.645,2.7,5.1,7.8,2.5,1.6,0.4,0.9,1.7,12.4,,273,Olivier-Maxence Prosper,DAL,3007080,5259383,,,,,3007080
Neemias Queta,BOS,C,62,6,863,5.5,8.5,0.65,0.0,0.1,0.0,5.5,8.3,0.66,0.65,1.9,2.5,0.754,3.7,6.1,9.8,1.9,0.8,1.8,1.7,4.4,12.9,,309,Neemias Queta,BOS,2349578,2667944,,,,,
Immanuel Quickley,TOR,PG,33,33,918,7.2,17.2,0.42,3.3,8.8,0.378,3.9,8.4,0.465,0.517,4.4,5.0,0.867,0.6,4.0,4.6,7.5,0.9,0.2,2.3,2.4,22.1,,51,Immanuel Quickley,TOR,32500000,32500000,32500000,32500000,,,130000000
Duop Reath,POR,C,46,0,469,5.4,12.7,0.422,2.6,8.1,0.321,2.8,4.6,0.6,0.524,1.5,1.7,0.909,3.4,3.7,7.1,2.0,0.9,1.1,1.2,3.1,14.9,,328,Duop Reath,POR,2221677,,,,,,
Austin Reaves,LAL,SG,73,73,2550,6.7,14.6,0.46,2.8,7.5,0.377,3.9,7.1,0.547,0.556,4.5,5.2,0.877,0.9,3.8,4.6,5.9,1.1,0.3,2.5,2.1,20.8,,117,Austin Reaves,LAL,13937574,14898786,,,,,13937574
Nick Richards,2TM,C,57,43,1256,5.9,9.9,0.591,0.0,0.1,0.0,5.9,9.9,0.594,0.591,3.4,4.6,0.744,4.2,9.1,13.4,1.4,0.4,1.6,2.3,4.0,15.2,,225,Nick Richards,PHO,5000000,,,,,,
Zaccharie Risacher,ATL,SF,75,73,1843,7.0,15.2,0.458,2.4,6.7,0.355,4.6,8.5,0.54,0.537,2.1,2.9,0.711,1.7,3.6,5.2,1.8,1.0,0.7,1.8,2.9,18.4,ROY-2,125,Zaccharie Risacher,ATL,13197720,13826040,17434637,,,,13197720
Duncan Robinson,MIA,SF,74,37,1785,5.8,13.4,0.437,3.8,9.7,0.393,2.0,3.6,0.556,0.581,0.9,1.1,0.887,0.4,3.0,3.4,3.5,0.8,0.1,1.7,2.7,16.5,,158,Duncan Robinson,MIA,9888000,,,,,,9888000
Mitchell Robinson,NYK,C,17,3,290,4.6,7.0,0.661,0.0,0.0,,4.6,7.0,0.661,0.661,1.6,2.4,0.684,6.5,6.1,12.5,1.6,2.0,2.2,1.2,3.2,10.8,,127,Mitchell Robinson,NYK,12954546,,,,,,12954546
Terry Rozier,MIA,PG,64,23,1658,5.4,13.8,0.391,2.0,6.7,0.295,3.4,7.1,0.48,0.462,2.0,2.3,0.852,1.0,4.2,5.2,3.6,0.8,0.3,1.7,1.6,14.7,,66,Terry Rozier,MIA,26643031,,,,,,26643031
Rayan Rupert,POR,SG,52,0,460,4.5,11.1,0.408,1.3,4.6,0.271,3.3,6.5,0.506,0.465,1.8,2.3,0.767,2.0,3.4,5.5,2.0,1.3,0.3,2.3,2.9,12.1,,319,Rayan Rupert,POR,2221677,,,,,,2221677
Domantas Sabonis,SAC,C,70,70,2429,7.8,13.2,0.59,1.0,2.3,0.417,6.8,10.9,0.627,0.627,3.2,4.3,0.754,4.0,10.4,14.4,6.3,0.7,0.4,3.0,3.4,19.8,,27,Domantas Sabonis,SAC,43636000,46772000,49908000,,,,140316000
Tidjane Salaün,CHO,PF,60,10,1244,3.3,10.0,0.33,1.7,5.9,0.283,1.6,4.1,0.4,0.414,1.9,2.7,0.713,2.0,6.1,8.1,2.1,0.8,0.4,1.7,2.4,10.2,,182,Tidjane Salaün,CHO,7863240,8237880,10445633,,,,7863240
Gui Santos,GSW,PF,56,2,762,3.9,8.5,0.458,1.6,4.9,0.33,2.3,3.6,0.632,0.553,1.4,2.0,0.69,3.4,4.7,8.1,3.8,1.2,0.5,2.0,4.3,10.7,,322,Gui Santos,GSW,2221677,,,,,,2221677
Dario Šarić,DEN,C,16,4,210,3.6,9.9,0.362,1.2,4.5,0.269,2.4,5.5,0.438,0.422,1.2,1.7,0.7,2.4,6.2,8.6,3.9,1.2,0.2,2.6,3.3,9.6,,217,Dario Šarić,SAC,5426400,,,,,,5426400
Alex Sarr,WAS,C,67,67,1814,6.5,16.4,0.394,2.1,6.8,0.308,4.4,9.7,0.454,0.457,2.2,3.3,0.679,2.5,6.2,8.6,3.2,0.9,2.0,2.3,2.9,17.2,ROY-4,135,Alex Sarr,WAS,11808240,12370680,15611798,,,,11808240
Marcus Sasser,DET,PG,57,1,811,6.1,13.1,0.463,2.6,6.7,0.382,3.5,6.4,0.549,0.561,1.9,2.3,0.843,0.8,2.3,3.1,5.9,1.6,0.2,2.4,3.2,16.6,,281,Marcus Sasser,DET,2886720,5198983,,,,,2886720
Baylor Scheierman,BOS,SG,31,2,384,3.7,10.3,0.355,2.4,7.7,0.317,1.2,2.6,0.464,0.473,0.8,1.1,0.75,1.8,4.3,6.1,3.1,1.6,0.2,1.1,2.1,10.6,,299,Baylor Scheierman,BOS,2619000,2744040,4952993,,,,7697033
Alperen Şengün,HOU,C,76,76,2395,8.5,17.2,0.496,0.3,1.4,0.233,8.2,15.8,0.519,0.505,4.4,6.4,0.692,3.9,7.9,11.8,5.6,1.3,0.9,2.9,3.1,21.8,AS,48,Alperen Şengün,HOU,33944954,35642202,37339450,39036697,39036697,,145963303
Brice Sensabaugh,UTA,SF,71,15,1432,6.9,15.1,0.459,3.9,9.4,0.422,3.0,5.7,0.52,0.59,1.6,1.8,0.89,1.1,4.2,5.3,2.8,1.2,0.2,2.7,2.8,19.4,,292,Brice Sensabaugh,UTA,2693760,4862237,,,,,2693760
Collin Sexton,UTA,SG,63,61,1758,8.5,17.8,0.48,2.3,5.5,0.406,6.3,12.2,0.513,0.543,4.4,5.1,0.865,1.2,2.3,3.5,5.4,1.0,0.1,3.3,2.9,23.7,,89,Collin Sexton,UTA,19175000,,,,,,19175000
Terrence Shannon Jr.,MIN,SG,32,1,339,5.8,12.1,0.482,1.2,3.3,0.355,4.7,8.8,0.53,0.531,1.8,2.2,0.81,1.1,3.9,5.0,3.4,0.7,0.5,1.6,2.9,14.7,,294,Terrence Shannon Jr.,MIN,2674080,2801640,5054159,,,,2674080
Shaedon Sharpe,POR,SG,72,52,2252,8.0,17.6,0.452,2.3,7.5,0.311,5.6,10.1,0.557,0.519,3.0,3.9,0.785,1.1,4.1,5.2,3.2,1.0,0.3,2.4,1.9,21.3,,172,Shaedon Sharpe,POR,8399983,,,,,,8399983
Jamal Shead,TOR,PG,75,11,1467,5.0,12.4,0.405,1.8,5.5,0.323,3.2,6.9,0.47,0.476,1.3,1.7,0.768,0.7,2.1,2.8,7.8,1.4,0.2,2.9,3.9,13.1,,343,Jamal Shead,TOR,1955377,2296271,,,,,1955377
Ben Sheppard,IND,SG,63,9,1228,3.5,8.4,0.418,2.0,5.8,0.342,1.5,2.6,0.591,0.537,0.7,0.8,0.889,1.3,3.9,5.2,2.5,1.1,0.4,0.6,3.7,9.7,,285,Ben Sheppard,IND,2790720,5031669,,,,,2790720
Reed Sheppard,HOU,PG,52,3,654,4.6,13.2,0.351,2.6,7.8,0.338,2.0,5.3,0.371,0.452,0.7,0.9,0.813,0.9,3.4,4.3,4.1,1.9,0.9,2.0,2.9,12.6,,149,Reed Sheppard,HOU,10603560,11108880,14041625,,,,10603560
Pascal Siakam,IND,PF,78,78,2548,8.7,16.7,0.519,1.8,4.6,0.389,6.9,12.1,0.568,0.572,3.2,4.4,0.734,1.9,5.8,7.6,3.7,1.0,0.6,1.5,2.7,22.3,AS,26,Pascal Siakam,IND,45550512,48924624,52298736,,,,146773872
Anfernee Simons,POR,SG,70,70,2292,7.5,17.7,0.426,3.4,9.3,0.363,4.1,8.4,0.496,0.521,2.7,3.0,0.902,0.4,2.6,3.0,5.3,0.9,0.1,2.2,1.8,21.2,,64,Anfernee Simons,BOS,27678571,,,,,,27678571
Marcus Smart,2TM,PG,34,7,680,5.3,13.6,0.393,2.6,7.5,0.348,2.8,6.1,0.448,0.488,2.9,3.8,0.761,1.0,2.9,3.8,5.8,2.1,0.5,2.9,2.8,16.1,,80,Marcus Smart,WAS,21586855,,,,,,21586855
Jabari Smith Jr.,HOU,PF,57,39,1716,5.2,11.9,0.438,2.1,5.8,0.354,3.1,6.1,0.519,0.525,2.2,2.6,0.825,2.2,6.2,8.4,1.3,0.5,0.9,1.3,2.6,14.6,,132,Jabari Smith Jr.,HOU,12350392,,,,,,12350392
Jalen Smith,CHI,C,64,2,962,7.1,15.3,0.466,2.7,8.3,0.324,4.4,7.0,0.634,0.554,2.7,3.3,0.809,3.3,10.0,13.4,2.4,0.6,1.6,1.4,3.6,19.6,,169,Jalen Smith,CHI,9000000,9428571,,,,,18428571
Nick Smith Jr.,CHO,SG,60,27,1369,5.8,14.9,0.391,2.7,8.0,0.34,3.1,6.9,0.45,0.482,1.1,1.2,0.935,0.3,3.0,3.4,3.8,0.4,0.2,2.2,2.1,15.5,,291,Nick Smith Jr.,CHO,2710680,4890067,,,,,2710680
Tyler Smith,MIL,PF,23,0,122,7.1,14.8,0.48,3.8,8.9,0.433,3.2,5.9,0.55,0.61,1.8,2.4,0.75,1.8,5.6,7.4,1.2,0.9,1.2,2.4,3.2,19.8,,340,Tyler Smith,MIL,1955377,2296271,2486995,,,,4251648
Jeremy Sochan,SAS,PF,54,23,1364,6.6,12.4,0.535,0.7,2.4,0.308,5.9,10.0,0.59,0.565,2.3,3.3,0.696,3.4,5.9,9.3,3.4,1.2,0.7,2.2,3.5,16.3,,191,Jeremy Sochan,SAS,7096231,,,,,,7096231
Isaiah Stewart,DET,C,72,4,1434,4.4,7.9,0.559,0.4,1.3,0.321,4.0,6.6,0.607,0.586,1.7,2.2,0.759,3.3,6.8,10.0,3.1,0.7,2.5,1.7,4.6,10.9,,109,Isaiah Stewart,DET,15000000,15000000,15000000,,,,30000000
Julian Strawther,DEN,SG,65,4,1384,5.5,12.6,0.432,2.4,7.0,0.349,3.0,5.6,0.535,0.529,1.9,2.3,0.822,0.4,3.3,3.7,2.2,1.0,0.4,1.5,3.9,15.3,,293,Julian Strawther,DEN,2674200,4826931,,,,,2674200
Max Strus,CLE,SF,50,37,1273,4.7,10.5,0.442,3.2,8.3,0.386,1.5,2.3,0.65,0.594,0.8,1.0,0.824,1.5,4.6,6.1,4.5,0.7,0.3,1.5,2.9,13.3,,104,Max Strus,CLE,15936452,16660836,,,,,32597288
Jalen Suggs,ORL,PG,35,35,1002,7.1,17.3,0.41,2.7,8.7,0.314,4.3,8.6,0.506,0.489,3.5,4.0,0.882,0.8,4.2,5.1,4.6,1.8,1.2,3.7,3.5,20.4,,44,Jalen Suggs,ORL,35000000,32400000,29600000,26800000,26700000,,123800000
Jayson Tatum,BOS,PF,72,72,2624,9.1,20.1,0.452,3.4,10.0,0.343,5.7,10.1,0.559,0.537,4.9,6.0,0.814,0.7,7.9,8.5,5.9,1.0,0.5,2.9,2.2,26.5,"MVP-4,CPOY-10,AS,NBA1",5,Jayson Tatum,BOS,54126450,58456566,62786682,67116798,71446914,,242486496
Dalen Terry,CHI,SG,73,5,987,4.4,9.8,0.448,1.3,3.8,0.356,3.0,6.0,0.506,0.517,1.8,2.5,0.71,1.4,3.1,4.5,3.5,1.6,0.5,1.9,4.2,11.9,,219,Dalen Terry,CHI,5399118,,,,,,5399118
Amen Thompson,HOU,SF,69,42,2225,6.3,11.3,0.557,0.4,1.5,0.275,5.9,9.8,0.599,0.575,2.7,4.0,0.684,3.1,6.0,9.1,4.3,1.6,1.4,2.2,2.7,15.7,"DPOY-5,DEF1",159,Amen Thompson,HOU,9690600,12258609,,,,,9690600
Ausar Thompson,DET,SF,59,48,1328,6.7,12.5,0.535,0.3,1.3,0.224,6.4,11.1,0.572,0.547,2.5,3.8,0.641,3.0,5.2,8.2,3.6,2.7,1.1,2.2,4.4,16.1,,170,Ausar Thompson,DET,8775000,11117925,,,,,8775000
Klay Thompson,DAL,SF,72,72,1965,6.6,16.1,0.412,4.0,10.1,0.391,2.7,5.9,0.448,0.535,1.2,1.4,0.905,0.8,3.7,4.5,2.7,0.9,0.5,1.6,1.5,18.4,,102,Klay Thompson,DAL,16666667,17460317,,,,,34126984
Matisse Thybulle,POR,SG,15,5,312,4.8,10.2,0.477,2.4,5.5,0.438,2.4,4.6,0.525,0.597,0.8,1.7,0.467,1.6,4.4,6.0,3.2,3.8,1.0,1.5,1.6,12.9,,138,Matisse Thybulle,POR,11550000,,,,,,11550000
Xavier Tillman Sr.,BOS,C,33,2,231,2.0,8.3,0.245,0.8,5.0,0.156,1.2,3.3,0.381,0.292,0.5,0.6,0.75,1.6,5.1,6.7,1.1,1.7,0.8,2.2,2.8,5.3,,300,Xavier Tillman Sr.,BOS,2546675,,,,,,2546675
Drew Timme,BRK,PF,9,2,254,6.4,14.5,0.441,1.3,5.0,0.257,5.1,9.5,0.537,0.485,1.4,2.3,0.625,2.4,6.8,9.2,2.8,0.6,0.1,2.1,3.0,15.4,,354,Drew Timme,BRK,1955377,,,,,,1955377
Obi Toppin,IND,PF,79,4,1545,7.4,14.0,0.529,2.6,7.0,0.365,4.8,6.9,0.695,0.621,2.1,2.7,0.781,1.3,6.1,7.4,3.0,1.1,0.7,1.6,2.5,19.4,,114,Obi Toppin,IND,14000000,15000000,16025000,,,,45025000
Karl-Anthony Towns,NYK,C,72,72,2517,9.1,17.4,0.526,2.0,4.8,0.42,7.1,12.5,0.567,0.584,4.8,5.8,0.829,3.0,10.1,13.2,3.2,1.0,0.7,2.7,3.6,25.2,"AS,NBA3",13,Karl-Anthony Towns,NYK,53142264,57078728,61015192,,,,110220992
P.J. Tucker,NYK,SF,3,1,58,1.9,4.3,0.429,1.9,3.7,0.5,0.0,0.6,0.0,0.643,0.0,0.0,,2.5,2.5,5.0,0.0,0.6,0.6,0.6,5.0,5.6,,260,P.J. Tucker,NYK,3468960,,,,,,
Hunter Tyson,DEN,PF,51,2,400,4.1,10.8,0.375,2.1,6.7,0.311,2.0,4.1,0.478,0.471,1.9,2.5,0.75,2.3,4.8,7.0,1.8,0.9,0.5,1.3,4.0,12.1,,324,Hunter Tyson,DEN,2221677,2406205,,,,,2221677
Jaylon Tyson,CLE,SG,47,3,453,5.1,11.8,0.43,1.6,4.6,0.345,3.5,7.2,0.484,0.497,1.5,1.9,0.792,2.9,4.7,7.6,3.5,1.0,0.2,2.1,4.0,13.3,,259,Jaylon Tyson,CLE,3492480,3658560,5641500,,,,3492480
Jonas Valančiūnas,2TM,C,81,21,1524,8.1,14.8,0.55,0.2,0.9,0.216,8.0,13.9,0.571,0.557,3.4,3.9,0.879,4.5,10.3,14.8,3.9,0.9,1.1,2.8,4.3,19.9,,150,Jonas Valančiūnas,DEN,10395000,10000000,,,,,10395000
Jarred Vanderbilt,LAL,PF,36,2,581,3.7,7.5,0.488,0.6,2.0,0.281,3.1,5.5,0.562,0.525,1.2,2.2,0.556,4.2,7.1,11.3,2.5,2.2,0.6,1.8,4.2,9.1,,137,Jarred Vanderbilt,LAL,11571429,12428571,13285714,,,,24000000
Devin Vassell,SAS,SG,64,53,1983,7.2,16.1,0.443,2.9,7.8,0.368,4.3,8.4,0.513,0.532,1.7,2.2,0.792,0.6,4.0,4.6,3.3,1.5,0.6,1.6,2.0,18.9,,65,Devin Vassell,SAS,27000000,27000000,24652174,27000000,,,105652174
Gabe Vincent,LAL,PG,72,11,1527,4.0,9.9,0.4,2.6,7.3,0.353,1.4,2.6,0.532,0.53,0.4,0.5,0.714,0.5,1.7,2.2,2.3,1.2,0.3,1.0,3.6,10.8,,139,Gabe Vincent,LAL,11500000,,,,,,11500000
Nikola Vučević,CHI,C,73,72,2278,8.7,16.4,0.53,2.0,5.1,0.402,6.7,11.3,0.587,0.592,1.9,2.4,0.805,2.8,8.8,11.6,4.0,1.0,0.8,1.9,2.6,21.3,,81,Nikola Vučević,CHI,21481481,,,,,,21481481
Dean Wade,CLE,PF,59,30,1252,3.2,7.8,0.413,2.3,6.4,0.36,0.9,1.4,0.653,0.561,0.5,0.9,0.533,1.5,5.7,7.2,2.2,1.2,0.6,0.6,2.9,9.2,,196,Dean Wade,CLE,6623456,,,,,,
Franz Wagner,ORL,SF,60,60,2023,9.6,20.7,0.463,1.9,6.3,0.295,7.7,14.4,0.535,0.507,4.8,5.5,0.871,1.0,5.1,6.1,5.1,1.3,0.4,2.5,2.6,25.8,,33,Franz Wagner,ORL,38661750,41754690,44847630,47940570,51033510,,224238150
Moritz Wagner,ORL,C,30,1,564,8.9,15.9,0.562,1.7,4.8,0.36,7.2,11.1,0.649,0.616,5.0,7.0,0.718,2.6,6.9,9.4,2.7,1.5,0.8,3.1,3.5,24.6,,224,Moritz Wagner,ORL,5000000,,,,,,5000000
Jarace Walker,IND,PF,75,5,1187,5.2,10.9,0.472,2.3,5.6,0.405,2.9,5.3,0.543,0.576,1.4,2.1,0.667,0.8,6.2,6.9,3.3,1.6,0.8,2.4,3.5,14.0,,195,Jarace Walker,IND,6665520,8478542,,,,,6665520
Lonnie Walker IV,PHI,SG,20,7,477,6.7,16.0,0.42,3.4,9.6,0.354,3.3,6.4,0.518,0.526,1.8,2.3,0.8,0.5,4.3,4.8,3.8,0.8,0.4,1.9,2.0,18.6,,280,Lonnie Walker IV,PHI,2940876,,,,,,
Cason Wallace,OKC,SG,68,43,1876,4.5,9.4,0.474,1.4,4.0,0.356,3.0,5.4,0.562,0.55,0.6,0.7,0.811,1.4,3.0,4.4,3.3,2.3,0.7,1.1,2.8,10.9,,209,Cason Wallace,OKC,5820240,7420806,,,,,5820240
Jordan Walsh,BOS,PF,52,1,403,2.7,7.4,0.361,1.3,4.9,0.273,1.3,2.5,0.536,0.452,0.6,1.1,0.583,2.1,4.1,6.2,1.7,1.1,1.0,1.5,2.7,7.3,,327,Jordan Walsh,BOS,2221677,2406205,,,,,200000
Ja'Kobe Walter,TOR,SG,52,18,1103,5.2,12.8,0.405,2.1,6.1,0.349,3.1,6.8,0.454,0.487,2.2,2.7,0.795,1.9,3.3,5.2,2.6,1.4,0.3,1.6,3.1,14.7,,256,Ja'Kobe Walter,TOR,3638160,3811800,5870172,,,,3638160
Kel'el Ware,MIA,C,64,36,1422,6.5,11.7,0.554,0.9,2.8,0.315,5.6,8.9,0.629,0.592,1.2,1.7,0.687,2.9,9.0,12.0,1.5,1.0,1.8,1.4,2.8,15.1,ROY-6,239,Kel'el Ware,MIA,4443360,4654920,7135992,,,,4443360
P.J. Washington,DAL,PF,57,56,1835,5.9,13.0,0.453,1.8,4.7,0.381,4.1,8.4,0.493,0.521,2.8,3.9,0.722,1.6,7.1,8.7,2.6,1.2,1.2,2.3,2.6,16.4,,113,P.J. Washington,DAL,14152174,,,,,,14152174
Peyton Watson,DEN,SF,68,18,1656,4.4,9.3,0.477,1.0,3.0,0.353,3.4,6.3,0.534,0.533,2.1,3.0,0.693,1.0,4.0,5.1,2.0,1.0,2.0,1.2,2.7,12.0,,241,Peyton Watson,DEN,4356476,,,,,,4356476
Jaylen Wells,MEM,SG,79,74,2043,5.1,11.9,0.425,2.4,6.9,0.352,2.6,5.0,0.525,0.527,2.0,2.4,0.822,1.5,3.2,4.7,2.4,0.8,0.1,1.2,2.6,14.5,ROY-3,349,Jaylen Wells,MEM,1955377,2296271,2486995,,,,1955377
Victor Wembanyama,SAS,C,46,46,1527,9.6,20.2,0.476,3.3,9.5,0.352,6.3,10.7,0.586,0.559,3.7,4.5,0.836,1.9,10.0,11.9,4.0,1.2,4.1,3.5,2.5,26.3,AS,123,Victor Wembanyama,SAS,13376880,16868246,,,,,13376880
Blake Wesley,SAS,SG,58,0,683,4.3,9.8,0.435,0.9,3.1,0.293,3.4,6.7,0.5,0.481,2.0,3.2,0.623,0.9,2.3,3.2,6.0,2.0,0.3,2.8,2.4,11.4,,233,Blake Wesley,WAS,4726328,,,,,,4726328
Russell Westbrook,DEN,PG,75,36,2092,6.4,14.3,0.449,1.6,5.0,0.323,4.8,9.3,0.517,0.505,2.7,4.0,0.661,1.8,4.6,6.4,7.9,1.8,0.6,4.2,3.2,17.1,6MOY-7,261,Russell Westbrook,DEN,3468960,,,,,,
Coby White,CHI,SG,74,73,2450,7.5,16.5,0.453,3.2,8.6,0.37,4.3,7.9,0.544,0.55,4.1,4.5,0.902,0.4,3.6,4.0,4.8,1.0,0.2,2.6,2.3,22.2,,128,Coby White,CHI,12888889,,,,,,12888889
Derrick White,BOS,SG,76,76,2574,5.9,13.4,0.442,3.7,9.7,0.384,2.2,3.7,0.593,0.58,1.9,2.3,0.839,0.9,3.8,4.8,5.0,1.0,1.1,1.8,1.9,17.5,DPOY-10,62,Derrick White,BOS,28100000,30348000,32596000,34844000,,,91044000
Cam Whitmore,HOU,SF,51,3,827,7.8,17.5,0.444,2.8,8.0,0.355,5.0,9.6,0.518,0.525,2.4,3.1,0.75,1.6,5.0,6.6,2.1,1.3,0.6,2.0,1.9,20.8,,257,Cam Whitmore,WAS,3539760,5458310,,,,,3539760
Aaron Wiggins,OKC,SG,76,26,1744,7.3,15.0,0.488,2.7,7.0,0.383,4.6,8.0,0.578,0.577,1.5,1.8,0.831,1.7,4.4,6.1,2.8,1.2,0.4,1.4,2.1,18.9,,160,Aaron Wiggins,OKC,9672897,8831776,7990655,7990655,,,34485983
Andrew Wiggins,2TM,SF,60,60,1842,7.3,16.4,0.448,2.5,6.8,0.374,4.8,9.6,0.501,0.526,3.8,5.0,0.763,1.7,3.5,5.3,3.1,1.2,1.0,1.9,2.0,21.1,,61,Andrew Wiggins,MIA,28223215,30169644,,,,,28223215
Brandon Williams,DAL,PG,33,3,487,7.2,13.9,0.521,1.8,4.4,0.4,5.5,9.5,0.578,0.585,4.1,4.9,0.833,0.9,3.4,4.3,5.6,1.8,0.4,2.9,2.4,20.3,,317,Brandon Williams,DAL,2270735,,,,,,
Cody Williams,UTA,SG,50,21,1060,2.8,8.7,0.323,1.2,4.6,0.259,1.6,4.1,0.393,0.391,1.0,1.4,0.725,0.9,2.9,3.8,2.0,0.8,0.5,1.5,3.2,7.8,,210,Cody Williams,UTA,5742480,6015600,7669890,,,,5742480
Grant Williams,CHO,PF,16,7,479,4.1,9.2,0.439,2.0,5.6,0.365,2.0,3.7,0.551,0.549,2.3,2.8,0.838,1.4,4.8,6.2,2.8,1.4,1.0,2.1,3.5,12.5,,121,Grant Williams,CHO,13645500,14265750,,,,,27911250
Jalen Williams,OKC,SG,69,69,2237,9.1,18.8,0.484,2.0,5.5,0.365,7.1,13.3,0.533,0.537,3.8,4.8,0.789,0.9,5.0,5.9,5.7,1.8,0.7,2.4,2.5,24.0,"AS,NBA3,DEF2",197,Jalen Williams,OKC,6580997,,,,,,6580997
Kenrich Williams,OKC,PF,69,7,1132,5.4,11.3,0.483,2.1,5.4,0.386,3.3,5.8,0.574,0.576,0.9,1.2,0.718,2.1,5.6,7.7,3.1,1.4,0.3,1.2,3.5,13.9,,190,Kenrich Williams,OKC,7163000,7163000,,,,,7163000
Mark Williams,CHO,C,44,41,1171,8.3,13.7,0.604,0.0,0.1,0.0,8.3,13.6,0.609,0.604,4.0,5.0,0.804,4.1,9.7,13.7,3.4,1.0,1.7,2.2,3.2,20.6,,202,Mark Williams,PHO,6276531,,,,,,6276531
Patrick Williams,CHI,PF,63,36,1576,4.7,11.8,0.397,2.2,6.2,0.353,2.5,5.6,0.447,0.49,1.4,1.9,0.723,1.0,4.4,5.4,2.8,1.1,0.7,2.0,2.0,12.9,,97,Patrick Williams,CHI,18000000,18000000,18000000,18000000,,,54000000
Robert Williams,POR,C,20,3,351,5.1,8.0,0.641,0.1,0.3,0.333,5.0,7.7,0.653,0.647,1.5,1.7,0.882,3.6,8.5,12.1,2.2,1.3,3.4,1.7,3.2,11.9,,124,Robert Williams,POR,13285713,,,,,,13285713
Vince Williams Jr.,MEM,SG,27,5,499,4.8,12.0,0.401,1.9,6.9,0.274,3.0,5.2,0.569,0.479,1.4,1.7,0.792,1.6,5.5,7.1,4.0,0.9,0.5,2.4,3.2,12.9,,312,Vince Williams Jr.,MEM,2301587,2489752,,,,,2301587
Zion Williamson,NOP,PF,30,30,857,12.1,21.3,0.567,0.1,0.5,0.231,12.0,20.8,0.576,0.57,6.6,10.1,0.656,3.2,5.9,9.1,6.7,1.6,1.1,3.8,3.4,31.0,,29,Zion Williamson,NOP,39446090,42166510,44886930,,,,126499530
Jalen Wilson,BRK,PF,79,22,2031,4.4,11.0,0.397,2.2,6.4,0.337,2.2,4.6,0.481,0.495,2.4,2.9,0.818,1.3,3.5,4.8,2.6,0.7,0.1,1.4,2.9,13.3,,326,Jalen Wilson,BRK,2221677,,,,,,2221677
James Wiseman,IND,C,1,0,5,14.4,28.8,0.5,0.0,7.2,0.0,14.4,21.6,0.667,0.5,14.4,14.4,1.0,0.0,7.2,7.2,0.0,0.0,0.0,0.0,0.0,43.2,,295,James Wiseman,IND,2667947,,,,,,1000000
Trae Young,ATL,PG,76,76,2739,7.4,18.1,0.411,2.9,8.4,0.34,4.6,9.6,0.474,0.491,6.5,7.4,0.875,0.5,2.6,3.1,11.6,1.2,0.2,4.7,1.9,24.2,"CPOY-4,AS",23,Trae Young,ATL,45999660,48967380,,,,,45999660
Ivica Zubac,LAC,C,80,80,2624,8.1,12.9,0.628,0.0,0.0,,8.1,12.9,0.628,0.628,2.1,3.2,0.661,4.1,9.7,13.9,2.9,0.8,1.2,1.7,2.3,18.4,"DPOY-6,DEF2",94,Ivica Zubac,LAC,18102000,19550160,20998320,,,,58650480
