Player,Team,Pos,Age,G,GS,MP,FG,FGA,FG%,3P,3PA,3P%,2P,2PA,2P%,eFG%,FT,FTA,FT%,ORB,DRB,TRB,AST,STL,BLK,TOV,PF,PTS,Rk,Tm,Salary (2025-26),Salary (2026-27),Salary (2027-28),Salary (2028-29),Salary (2029-30),Salary (2030-31),Salary (Guaranteed)
Bam Adebayo,MIA,C,27,78,78,2674,7.3,15.0,0.485,1.1,3.0,0.357,6.2,12.0,0.517,0.521,3.4,4.4,0.765,2.5,7.6,10.1,4.5,1.3,0.7,2.2,2.2,19.0,40,MIA,37096620,48713700,52610796,56507892,,,138421116
Ochai Agbaji,TOR,SG,24,64,45,1739,5.5,11.1,0.498,2.1,5.2,0.399,3.4,5.8,0.587,0.593,0.7,1.0,0.708,1.3,3.7,5.0,2.0,1.2,0.6,1.1,2.6,13.8,200,TOR,6383525,,,,,,6383525
Grayson Allen,PHO,SG,29,64,7,1544,5.1,11.4,0.448,3.5,8.2,0.426,1.6,3.2,0.504,0.6,2.2,2.7,0.816,0.8,3.7,4.5,3.2,1.3,0.4,1.7,2.2,15.9,101,PHO,16875000,18125000,19375000,,,,35000000
Jarrett Allen,CLE,C,26,82,82,2296,7.1,10.0,0.706,0.0,0.1,0.0,7.1,10.0,0.712,0.706,3.1,4.3,0.718,3.4,9.1,12.5,2.5,1.2,1.1,1.5,2.0,17.3,85,CLE,20000000,28000000,30240000,32480000,,,110720000
Jose Alvarado,NOP,PG,26,56,23,1366,5.4,13.7,0.392,2.9,8.1,0.359,2.5,5.6,0.439,0.498,1.6,2.0,0.811,0.7,2.9,3.6,6.8,2.0,0.4,2.3,2.4,15.3,237,NOP,4500000,4500000,,,,,4500000
Giannis Antetokounmpo,MIL,PF,30,67,67,2289,12.5,20.7,0.601,0.2,1.0,0.222,12.3,19.8,0.62,0.607,6.9,11.1,0.617,2.3,10.2,12.6,6.8,0.9,1.2,3.2,2.4,32.0,6,MIL,54126450,58456566,62786682,,,,112583016
OG Anunoby,NYK,PF,27,74,74,2706,6.5,13.7,0.476,2.3,6.1,0.372,4.2,7.5,0.561,0.559,2.4,3.0,0.81,1.3,3.5,4.8,2.2,1.5,0.9,1.4,2.3,17.7,28,NYK,39568966,42500000,45431034,48362068,,,127500000
Deni Avdija,POR,SF,24,72,54,2161,6.7,14.1,0.476,2.1,5.7,0.365,4.6,8.4,0.552,0.55,4.8,6.2,0.78,1.8,6.9,8.7,4.7,1.2,0.6,3.3,2.8,20.3,111,POR,14375000,13125000,11875000,,,,39375000
LaMelo Ball,CHO,PG,23,47,47,1505,9.7,24.0,0.405,4.3,12.6,0.339,5.4,11.4,0.478,0.494,4.6,5.5,0.843,1.1,4.4,5.5,8.3,1.3,0.3,4.0,3.8,28.3,39,CHO,37958760,40770520,43582280,46394040,,,168705600
Paolo Banchero,ORL,PF,22,46,46,1582,9.4,20.7,0.452,2.0,6.2,0.32,7.4,14.5,0.509,0.5,6.4,8.8,0.727,1.2,6.7,7.9,5.0,0.8,0.6,3.1,2.2,27.1,106,ORL,15334769,,,,,,15334769
Scottie Barnes,TOR,PF,23,65,65,2134,8.0,17.9,0.446,1.3,4.7,0.271,6.7,13.2,0.508,0.482,3.8,5.1,0.755,1.8,6.6,8.5,6.4,1.6,1.1,3.1,1.9,21.1,32,TOR,38661750,41754690,44847630,47940570,51033510,,224238150
RJ Barrett,TOR,SF,24,58,58,1869,8.9,18.9,0.468,2.1,5.9,0.35,6.8,13.0,0.522,0.523,3.8,6.0,0.63,1.2,5.9,7.0,6.0,0.9,0.3,3.2,2.6,23.6,63,TOR,27705357,29616071,,,,,57321428
Charles Bassey,SAS,C,24,36,1,376,6.5,11.2,0.581,0.0,0.0,,6.5,11.2,0.581,0.581,2.0,3.2,0.636,5.4,9.2,14.6,1.6,1.3,2.9,2.2,4.8,15.0,303,SAS,2500000,,,,,,
Jamison Battle,TOR,SF,23,59,10,1042,5.1,12.0,0.429,3.6,8.9,0.405,1.5,3.0,0.5,0.581,0.6,0.6,0.889,1.3,4.2,5.5,1.8,0.6,0.3,0.9,3.2,14.5,355,TOR,1955377,2296271,,,,,
Goga Bitadze,ORL,C,25,70,42,1430,5.2,8.5,0.611,0.1,0.7,0.107,5.1,7.8,0.656,0.615,2.1,3.3,0.639,4.2,7.5,11.7,3.4,1.2,2.5,1.8,3.8,12.6,174,ORL,8333333,7608696,,,,,15942029
Anthony Black,ORL,PG,21,78,10,1887,5.0,11.8,0.423,1.2,3.7,0.318,3.8,8.1,0.471,0.473,2.9,3.8,0.761,1.0,3.4,4.4,4.6,1.6,0.9,2.7,3.2,14.0,181,ORL,7970280,10106316,,,,,7970280
Adem Bona,PHI,C,21,58,11,905,5.4,7.6,0.703,0.0,0.0,0.0,5.4,7.6,0.707,0.703,2.7,4.0,0.67,3.7,6.1,9.7,1.1,1.0,2.7,2.4,5.0,13.4,356,PHI,1955377,2296271,2486995,,,,
Devin Booker,PHO,SG,28,75,75,2795,8.4,18.3,0.461,2.4,7.1,0.332,6.1,11.2,0.542,0.525,5.6,6.2,0.894,1.0,2.9,3.9,6.8,0.9,0.2,2.8,2.6,24.8,12,PHO,53142264,57078728,61015192,,,,171236184
Brandon Boston Jr.,NOP,SG,23,42,10,993,6.0,13.8,0.436,1.8,5.1,0.35,4.2,8.7,0.485,0.5,2.4,3.1,0.788,1.0,3.8,4.9,3.3,1.9,0.3,1.9,2.6,16.2,308,NOP,2349578,,,,,,
Tony Bradley,IND,C,27,14,0,113,9.2,14.3,0.644,0.3,1.0,0.333,8.9,13.4,0.667,0.656,0.6,1.9,0.333,5.7,7.6,13.4,1.9,0.6,2.9,1.6,3.5,19.4,279,IND,2940876,,,,,,2940876
Christian Braun,DEN,SG,23,79,77,2675,6.4,11.0,0.58,1.2,3.0,0.397,5.2,8.0,0.648,0.634,2.4,2.9,0.827,1.3,4.2,5.5,2.8,1.1,0.5,1.1,2.3,16.4,229,DEN,4921797,,,,,,4921797
Mikal Bridges,NYK,SF,28,82,82,3036,7.0,14.0,0.5,1.9,5.5,0.354,5.1,8.5,0.594,0.57,1.1,1.4,0.814,0.8,2.2,3.1,3.6,0.9,0.5,1.6,1.5,17.1,73,NYK,24900000,,,,,,24900000
Miles Bridges,CHO,PF,26,64,64,2029,8.3,19.3,0.431,2.5,8.0,0.313,5.8,11.3,0.513,0.495,3.9,4.5,0.87,1.3,7.3,8.5,4.4,0.8,0.8,2.4,1.7,23.1,72,CHO,25000000,22826087,,,,,47826087
Jaylen Brown,BOS,SF,28,63,63,2158,8.6,18.7,0.463,1.9,6.0,0.324,6.7,12.7,0.529,0.515,4.1,5.4,0.764,1.4,4.8,6.1,4.8,1.2,0.3,2.7,2.6,23.3,11,BOS,53142264,57078728,61015192,64951656,,,236187840
Kobe Brown,LAC,PF,25,40,0,272,4.4,9.5,0.458,0.8,3.4,0.231,3.6,6.1,0.587,0.5,0.7,0.9,0.714,2.5,6.1,8.6,3.2,0.9,0.5,1.6,3.0,10.2,297,LAC,2654880,4792059,,,,,2654880
Jalen Brunson,NYK,PG,28,65,65,2301,9.2,18.8,0.488,2.4,6.2,0.383,6.8,12.6,0.539,0.551,5.8,7.0,0.821,0.4,2.5,2.9,7.4,0.9,0.1,2.6,2.2,26.4,47,NYK,34944001,37739521,40535041,43330561,,,113218563
Kobe Bufkin,ATL,SG,21,10,0,124,5.2,13.6,0.383,1.2,5.5,0.211,4.1,8.1,0.5,0.426,3.8,5.2,0.722,1.5,4.6,6.1,4.9,0.9,0.6,2.3,2.6,15.4,236,ATL,4503720,6904203,,,,,4503720
Toumani Camara,POR,PF,24,78,78,2548,4.6,10.1,0.458,1.9,5.1,0.375,2.7,5.0,0.542,0.552,1.3,1.8,0.722,2.4,3.9,6.4,2.5,1.6,0.7,1.5,3.2,12.5,329,POR,2221677,2406205,,,,,
Devin Carter,SAC,PG,22,36,0,396,4.3,11.5,0.37,1.6,5.5,0.295,2.6,6.0,0.439,0.441,2.4,4.0,0.591,1.7,5.2,6.9,3.7,1.9,0.4,1.6,3.5,12.5,228,SAC,4923720,5158080,7370897,,,,4923720
Jevon Carter,CHI,PG,29,36,1,321,6.2,16.4,0.377,3.9,11.8,0.333,2.2,4.6,0.488,0.497,0.9,1.1,0.8,0.4,3.9,4.4,4.5,1.5,0.3,1.2,1.7,17.2,193,CHI,6809524,,,,,,6809524
Wendell Carter Jr.,ORL,C,25,68,51,1758,4.6,10.1,0.46,0.8,3.2,0.234,3.9,6.8,0.568,0.498,2.6,3.6,0.737,3.1,7.0,10.1,2.7,1.1,0.8,1.6,4.1,12.7,146,ORL,10850000,18102000,19550160,20998320,,,48502160
Alex Caruso,OKC,SG,30,54,3,1041,4.8,10.9,0.446,2.1,5.9,0.353,2.8,5.0,0.556,0.541,1.5,1.8,0.824,1.3,4.2,5.5,4.7,3.0,1.0,1.3,3.5,13.2,93,OKC,18102000,19550160,20998320,22446480,,,81096960
Julian Champagnie,SAS,SF,23,82,29,1932,5.1,12.4,0.415,3.3,8.9,0.371,1.8,3.4,0.53,0.549,1.6,1.8,0.904,1.2,4.7,5.9,2.1,1.1,0.7,1.4,2.1,15.2,276,SAS,3000000,3000000,,,,,
Justin Champagnie,WAS,SF,23,62,31,1340,5.6,11.0,0.511,2.0,5.2,0.383,3.7,5.9,0.624,0.601,1.3,2.0,0.685,3.0,6.4,9.4,1.6,1.7,1.0,1.5,3.0,14.6,304,WAS,2349578,2667944,3005085,,,,5017522
Max Christie,2TM,SG,21,78,36,2127,4.3,10.0,0.427,1.9,5.3,0.366,2.3,4.7,0.496,0.525,2.2,2.6,0.855,0.6,3.7,4.4,2.5,1.1,0.5,1.5,1.9,12.7,183,DAL,7714286,8285714,8857143,,,,16000000
Jaylen Clark,MIN,SG,23,40,4,522,3.9,8.3,0.467,1.5,3.5,0.431,2.3,4.8,0.493,0.558,2.0,2.6,0.784,1.8,1.9,3.7,1.8,2.5,0.1,0.6,4.2,11.2,337,MIN,2191897,,,,,,2191897
Brandon Clarke,MEM,PF,28,64,18,1207,7.0,11.3,0.621,0.0,0.5,0.059,7.0,10.8,0.647,0.622,1.8,2.6,0.701,3.8,5.9,9.7,2.0,1.6,1.1,1.2,4.3,15.9,129,MEM,12500000,12500000,,,,,25000000
Nic Claxton,BRK,C,25,70,62,1882,6.1,10.9,0.563,0.1,0.4,0.238,6.0,10.5,0.576,0.568,1.5,2.9,0.513,3.0,6.8,9.9,3.0,1.2,1.9,1.7,2.9,13.8,70,BRK,25352272,23147727,20943184,,,,69443183
Zach Collins,2TM,PF,27,64,12,977,5.6,11.1,0.507,1.2,3.9,0.302,4.5,7.2,0.617,0.56,2.5,2.9,0.885,3.8,6.9,10.6,4.1,1.1,1.1,2.2,4.9,15.0,96,CHI,18080496,,,,,,18080496
Ricky Council IV,PHI,SF,23,73,12,1250,5.1,13.3,0.382,1.6,6.1,0.258,3.5,7.2,0.488,0.442,3.5,4.4,0.804,1.5,4.7,6.2,2.8,0.9,0.4,1.5,1.9,15.3,320,PHI,2221677,,,,,,2221677
Cade Cunningham,DET,PG,23,70,70,2452,10.0,21.4,0.469,2.2,6.1,0.356,7.9,15.3,0.515,0.521,4.6,5.4,0.846,0.8,5.4,6.2,9.4,1.0,0.8,4.5,2.9,26.9,34,DET,38661750,41754690,44847630,47940570,51033510,,224238150
Tristan Da Silva,ORL,SF,23,74,38,1629,4.4,10.7,0.412,1.8,5.3,0.335,2.6,5.4,0.488,0.495,1.2,1.4,0.873,1.6,3.8,5.4,2.5,0.7,0.4,1.2,2.1,11.8,252,ORL,3809520,3991200,6138466,,,,3809520
Dyson Daniels,ATL,SG,21,76,76,2571,6.4,12.9,0.493,1.1,3.3,0.34,5.3,9.6,0.545,0.536,1.2,2.0,0.593,1.7,4.6,6.3,4.7,3.2,0.8,2.2,2.5,15.0,184,ATL,7707709,,,,,,7707709
Anthony Davis,2TM,C,31,51,51,1706,9.9,19.2,0.516,0.7,2.6,0.282,9.2,16.6,0.553,0.536,6.0,7.8,0.775,2.8,9.6,12.5,3.8,1.2,2.3,2.4,2.1,26.6,7,DAL,54126450,58456566,62786682,,,,112583016
Terence Davis,SAC,SG,27,1,0,8,0.0,9.0,0.0,0.0,4.5,0.0,0.0,4.5,0.0,0.0,0.0,0.0,,0.0,4.5,4.5,4.5,0.0,0.0,0.0,0.0,0.0,301,SAC,2546675,,,,,,
JD Davison,BOS,PG,22,16,0,93,4.6,13.2,0.353,1.5,7.0,0.222,3.1,6.2,0.5,0.412,1.9,2.7,0.714,0.8,4.3,5.0,5.0,1.9,0.4,5.0,0.8,12.8,315,BOS,2270735,,,,,,2270735
Moussa Diabaté,CHO,C,23,71,8,1241,4.8,8.1,0.596,0.0,0.2,0.0,4.8,7.9,0.609,0.596,2.0,3.4,0.595,5.4,7.3,12.7,1.6,1.3,1.2,1.8,3.2,11.7,318,CHO,2270735,2461462,,,,,
Gradey Dick,TOR,SG,21,54,54,1587,6.0,14.7,0.41,2.6,7.4,0.35,3.4,7.3,0.47,0.498,3.0,3.5,0.858,1.0,3.4,4.4,2.2,1.1,0.2,1.9,2.7,17.6,226,TOR,4990560,7131511,,,,,4990560
Ousmane Dieng,OKC,C,21,37,1,405,4.8,11.1,0.432,2.0,6.3,0.324,2.8,4.8,0.574,0.524,1.0,1.4,0.688,1.6,5.6,7.2,2.8,1.5,0.6,1.6,2.9,12.6,194,OKC,6670882,,,,,,6670882
Donte DiVincenzo,MIN,SG,28,62,10,1606,5.6,13.3,0.422,3.9,9.8,0.397,1.7,3.5,0.49,0.568,1.1,1.4,0.778,0.7,4.4,5.1,5.0,1.6,0.4,2.2,2.6,16.2,133,MIN,11990000,12535000,,,,,24525000
Luka Dončić,2TM,PG,25,50,50,1769,9.4,20.9,0.45,3.6,9.8,0.368,5.8,11.1,0.522,0.536,6.3,8.0,0.782,0.8,7.5,8.3,7.8,1.8,0.4,3.6,2.6,28.7,22,LAL,45999660,48967380,,,,,45999660
Luguentz Dort,OKC,SF,25,71,71,2073,4.5,10.3,0.435,3.0,7.2,0.412,1.5,3.1,0.489,0.578,0.6,0.8,0.717,1.5,3.5,5.1,2.0,1.4,0.7,0.9,3.6,12.5,99,OKC,17722222,17722222,,,,,17722222
Ayo Dosunmu,CHI,SG,25,46,26,1394,5.7,11.6,0.492,1.6,4.9,0.328,4.1,6.7,0.612,0.561,1.6,2.0,0.785,0.7,3.5,4.2,5.4,1.1,0.5,1.8,2.7,14.6,186,CHI,7518518,,,,,,7518518
Andre Drummond,PHI,C,31,40,23,751,5.6,11.2,0.5,0.1,1.0,0.15,5.5,10.3,0.533,0.506,2.7,4.3,0.622,5.2,9.6,14.9,1.6,1.9,0.9,2.6,4.5,14.0,223,PHI,5000000,,,,,,5000000
Kris Dunn,LAC,PG,30,74,58,1783,3.9,8.8,0.439,1.5,4.5,0.335,2.4,4.3,0.549,0.525,0.3,0.4,0.682,1.1,4.0,5.1,4.2,2.6,0.5,1.5,4.0,9.6,218,LAC,5426400,5684800,,,,,5426400
Ryan Dunn,PHO,SF,22,74,44,1410,5.2,12.2,0.43,2.1,6.7,0.311,3.1,5.4,0.577,0.516,0.5,1.0,0.487,2.3,4.5,6.8,1.5,1.1,1.0,1.0,4.1,13.0,296,PHO,2657760,2784240,5025553,,,,2657760
Jalen Duren,DET,C,21,78,78,2034,6.7,9.7,0.692,0.0,0.0,,6.7,9.7,0.692,0.692,2.9,4.3,0.669,4.9,9.4,14.3,3.7,1.0,1.6,2.4,4.4,16.2,199,DET,6483144,,,,,,6483144
Tari Eason,HOU,PF,23,57,16,1420,6.9,14.2,0.487,1.6,4.7,0.342,5.3,9.5,0.557,0.543,2.0,2.6,0.76,3.2,5.9,9.2,2.1,2.5,1.3,1.6,3.4,17.4,212,HOU,5675766,,,,,,5675766
Zach Edey,MEM,C,22,66,55,1416,6.4,11.0,0.58,0.5,1.3,0.346,5.9,9.7,0.612,0.6,2.3,3.2,0.709,5.9,8.0,13.9,1.7,0.9,2.2,2.2,4.6,15.5,206,MEM,6045000,6332760,8067937,,,,6045000
Anthony Edwards,MIN,SG,23,79,79,2871,9.0,20.2,0.447,4.0,10.2,0.395,5.0,10.0,0.501,0.547,5.2,6.2,0.837,0.8,4.9,5.6,4.5,1.1,0.6,3.1,1.9,27.3,24,MIN,45550512,48924624,52298736,55672848,,,202446720
Keon Ellis,SAC,SG,25,80,28,1948,4.2,8.6,0.489,2.6,5.9,0.433,1.6,2.6,0.615,0.639,1.3,1.6,0.849,1.1,2.8,3.9,2.2,2.2,1.2,1.3,3.3,12.3,311,SAC,2301587,,,,,,2301587
Joel Embiid,PHI,C,30,19,19,574,8.8,19.8,0.444,1.4,4.8,0.299,7.3,14.9,0.492,0.481,9.3,10.6,0.882,2.3,7.5,9.7,5.3,0.9,1.1,3.9,2.6,28.3,2,PHI,55224526,57985752,62624612,67263472,,,175834890
Kyle Filipowski,UTA,C,21,72,27,1522,6.1,12.3,0.502,1.8,5.2,0.35,4.3,7.0,0.614,0.576,2.2,3.4,0.65,2.6,7.8,10.4,3.3,1.1,0.5,2.4,4.0,16.3,275,UTA,3000000,3000000,3000000,,,,3000000
De'Aaron Fox,2TM,PG,27,62,62,2241,8.7,18.7,0.463,1.9,6.1,0.31,6.8,12.6,0.538,0.514,4.2,5.1,0.827,0.9,3.9,4.8,6.3,1.5,0.4,2.8,2.6,23.4,41,SAS,37096620,,,,,,37096620
Daniel Gafford,DAL,C,26,57,31,1226,8.3,11.8,0.702,0.0,0.0,,8.3,11.8,0.702,0.702,4.0,5.8,0.689,4.6,6.8,11.4,2.3,0.7,3.0,1.9,4.5,20.6,110,DAL,14386320,,,,,,14386320
Darius Garland,CLE,PG,25,75,75,2301,8.7,18.4,0.472,3.3,8.3,0.401,5.4,10.1,0.53,0.562,3.5,4.0,0.878,0.7,2.6,3.3,7.9,1.4,0.2,3.0,2.2,24.2,31,CLE,39446090,42166510,44886930,,,,126499530
Keyonte George,UTA,PG,21,67,35,2109,6.1,15.7,0.391,3.0,8.7,0.343,3.2,7.0,0.449,0.485,4.0,4.9,0.818,0.4,3.9,4.3,6.4,0.8,0.2,3.1,1.9,19.2,243,UTA,4278960,6563925,,,,,4278960
Kyshawn George,WAS,SG,21,68,38,1802,4.1,10.9,0.372,2.3,7.1,0.322,1.8,3.8,0.464,0.476,1.4,1.9,0.753,1.0,4.7,5.7,3.4,1.4,1.0,1.9,4.0,11.8,278,WAS,2966760,3108000,5435892,,,,2966760
Shai Gilgeous-Alexander,OKC,PG,26,76,76,2598,11.9,22.9,0.519,2.3,6.0,0.375,9.7,16.9,0.571,0.569,8.3,9.3,0.898,0.9,4.3,5.3,6.7,1.8,1.1,2.5,2.3,34.4,35,OKC,38333050,40806150,,,,,79139200
Jordan Goodwin,LAL,PG,26,29,5,543,4.2,9.5,0.438,1.7,4.5,0.382,2.5,5.0,0.487,0.528,0.6,0.7,0.818,2.5,4.9,7.4,2.8,2.0,0.7,1.7,2.9,10.7,305,PHO,2349578,,,,,,2349578
Aaron Gordon,DEN,PF,29,51,42,1447,6.6,12.4,0.531,1.9,4.3,0.436,4.7,8.1,0.582,0.607,3.6,4.5,0.81,2.0,4.2,6.1,4.1,0.6,0.3,1.8,2.0,18.6,77,DEN,22841455,31978037,34536280,37094523,,,89355772
Jerami Grant,POR,PF,30,47,47,1524,5.1,13.6,0.373,2.6,7.0,0.365,2.5,6.6,0.381,0.467,3.3,3.9,0.849,0.6,3.2,3.9,2.4,1.0,1.1,1.5,2.6,16.0,53,POR,32000001,34206898,36413790,,,,66206899
A.J. Green,MIL,SG,25,73,7,1659,3.9,9.2,0.429,3.4,7.9,0.427,0.6,1.3,0.443,0.612,0.5,0.6,0.815,0.4,3.4,3.8,2.3,0.8,0.2,0.9,3.4,11.7,313,MIL,2301587,,,,,,
Josh Green,CHO,SG,24,68,67,1887,3.4,8.0,0.428,1.9,4.7,0.391,1.6,3.3,0.48,0.543,0.9,1.4,0.681,1.1,2.2,3.3,2.1,1.4,0.3,1.3,3.1,9.7,120,CHO,13666667,14679012,,,,,28345679
Mouhamed Gueye,ATL,PF,22,33,28,533,4.9,11.5,0.421,1.4,5.5,0.259,3.4,6.1,0.567,0.482,2.2,2.8,0.762,3.0,6.4,9.4,1.8,1.9,2.2,1.0,3.7,13.3,334,ATL,2221677,2406205,,,,,
Rui Hachimura,LAL,PF,26,59,57,1869,5.6,11.1,0.509,2.0,4.8,0.413,3.7,6.3,0.581,0.597,1.7,2.2,0.77,1.5,4.2,5.7,1.6,0.9,0.5,0.9,2.0,14.9,92,LAL,18259259,,,,,,18259259
Tyrese Haliburton,IND,PG,24,73,73,2451,7.0,14.8,0.473,3.2,8.3,0.388,3.8,6.5,0.581,0.582,2.8,3.3,0.851,0.6,3.2,3.8,9.9,1.5,0.7,1.8,1.4,20.0,25,IND,45550512,48924624,52298736,55672848,,,202446720
Jaden Hardy,DAL,SG,22,57,3,907,7.1,16.4,0.435,3.0,7.8,0.386,4.1,8.6,0.479,0.527,2.4,3.4,0.698,0.4,3.2,3.5,3.2,1.1,0.2,3.3,3.6,19.7,208,DAL,6000000,6000000,6000000,,,,12000000
Josh Hart,NYK,SG,29,77,77,2897,5.0,9.6,0.525,1.0,3.1,0.333,4.0,6.4,0.618,0.579,2.0,2.5,0.776,2.0,7.2,9.2,5.6,1.5,0.3,2.0,2.5,13.1,87,NYK,19472240,20923760,22375280,,,,40396000
Isaiah Hartenstein,OKC,C,26,57,53,1590,6.3,10.9,0.581,0.0,0.4,0.0,6.3,10.4,0.605,0.581,1.8,2.6,0.675,3.7,10.1,13.8,5.0,1.1,1.4,2.2,3.9,14.4,60,OKC,28500000,28500000,,,,,28500000
Sam Hauser,BOS,PF,27,71,19,1541,5.0,11.1,0.451,3.9,9.3,0.416,1.1,1.8,0.64,0.627,0.3,0.3,1.0,1.0,4.2,5.2,1.5,1.0,0.3,0.5,2.0,14.1,154,BOS,10044644,10848215,11651785,12455356,,,45000000
Jordan Hawkins,NOP,SG,22,56,9,1321,5.6,15.2,0.372,3.0,9.0,0.331,2.6,6.1,0.433,0.471,2.2,2.7,0.816,0.7,3.6,4.3,1.8,0.8,0.6,1.6,1.4,16.5,232,NOP,4741320,7021895,,,,,4741320
Taylor Hendricks,UTA,PF,21,3,3,75,1.9,8.6,0.222,1.4,5.8,0.25,0.5,2.9,0.167,0.306,1.4,1.9,0.75,2.4,4.8,7.2,1.0,2.4,1.9,1.0,3.8,6.7,204,UTA,6127080,7805900,,,,,6127080
Tyler Herro,MIA,SG,25,77,77,2725,8.6,18.2,0.472,3.3,8.9,0.375,5.3,9.4,0.565,0.563,3.8,4.3,0.878,0.5,4.8,5.3,5.6,0.9,0.2,2.6,1.1,24.3,56,MIA,31000000,33000000,,,,,64000000
Haywood Highsmith,MIA,SF,28,74,42,1818,3.5,7.7,0.458,1.8,4.6,0.382,1.8,3.1,0.57,0.572,0.6,0.9,0.721,1.4,3.6,5.0,2.2,1.3,0.7,1.1,3.2,9.5,213,MIA,5616000,,,,,,5616000
Chet Holmgren,OKC,C,22,32,32,877,6.9,14.0,0.49,1.8,4.8,0.379,5.0,9.2,0.547,0.554,4.1,5.5,0.754,2.0,8.6,10.5,2.6,0.9,2.9,2.3,3.0,19.7,119,OKC,13731368,,,,,,13731368
Caleb Houstan,ORL,SF,22,58,6,788,3.7,8.7,0.421,2.9,7.3,0.4,0.7,1.4,0.533,0.589,0.7,0.8,0.882,0.9,2.6,3.4,1.6,1.0,0.3,0.6,2.8,10.9,339,ORL,2187699,,,,,,
Jett Howard,ORL,SF,21,60,0,701,5.0,13.5,0.374,2.8,9.6,0.296,2.2,3.9,0.566,0.479,0.8,1.2,0.696,1.0,2.6,3.6,2.3,0.7,0.6,1.8,3.5,13.7,214,ORL,5529720,7337939,,,,,5529720
Kevin Huerter,2TM,SG,26,69,31,1679,5.5,13.0,0.425,2.8,8.4,0.338,2.7,4.6,0.587,0.535,0.8,1.1,0.714,0.6,3.8,4.4,3.3,1.4,0.5,1.4,2.6,14.6,98,CHI,17991071,,,,,,17991071
Ariel Hukporti,NYK,C,22,25,1,217,3.5,5.1,0.677,0.0,0.0,,3.5,5.1,0.677,0.677,1.0,2.2,0.462,2.3,6.1,8.5,1.8,0.2,2.5,3.5,5.3,8.0,346,NYK,1955377,,,,,,1955377
De'Andre Hunter,2TM,SF,27,64,9,1740,7.4,15.8,0.47,3.2,8.0,0.405,4.2,7.7,0.537,0.573,4.4,5.3,0.846,0.9,4.4,5.3,1.9,1.0,0.3,1.7,3.2,22.5,76,CLE,23303571,24910714,,,,,48214285
Oso Ighodaro,PHO,PF,22,61,6,1045,3.9,6.4,0.604,0.0,0.1,0.0,3.9,6.4,0.611,0.604,1.0,1.7,0.58,2.3,5.4,7.6,2.4,1.0,1.0,1.3,3.5,8.8,345,PHO,1955377,2296271,2486995,,,,1955377
Brandon Ingram,NOP,SF,27,18,18,595,9.4,20.1,0.465,2.6,7.0,0.374,6.8,13.2,0.514,0.53,2.8,3.3,0.855,1.0,5.0,6.1,5.6,1.0,0.7,4.2,2.7,24.2,37,TOR,38095238,40000000,41904762,,,,78095238
Jonathan Isaac,ORL,PF,27,71,1,1090,4.4,10.7,0.414,1.3,5.0,0.258,3.1,5.7,0.549,0.474,2.4,3.5,0.682,4.0,6.4,10.4,1.3,2.0,2.6,1.1,3.0,12.6,108,ORL,15000000,14500000,14500000,15000000,,,44000000
Jaden Ivey,DET,SG,22,30,30,898,7.6,16.6,0.46,2.5,6.2,0.409,5.1,10.4,0.49,0.536,3.4,4.7,0.733,1.6,3.4,5.0,4.8,1.1,0.4,3.6,2.7,21.2,153,DET,10107163,,,,,,10107163
Andre Jackson Jr.,MIL,SG,23,67,43,980,3.5,7.2,0.477,1.1,2.8,0.395,2.4,4.4,0.529,0.553,0.4,0.9,0.5,2.4,4.3,6.7,3.0,1.2,0.5,2.1,4.2,8.4,331,MIL,2221677,2406205,,,,,
Jaren Jackson Jr.,MEM,C,25,74,74,2207,9.7,19.8,0.488,2.4,6.3,0.375,7.3,13.4,0.541,0.548,5.1,6.5,0.781,1.5,5.3,6.8,2.4,1.5,1.8,2.5,4.2,26.8,46,MEM,35000000,,,,,,35000000
Trayce Jackson-Davis,GSW,C,24,62,37,967,6.5,11.2,0.576,0.0,0.1,0.0,6.5,11.1,0.582,0.576,2.2,3.8,0.578,4.5,7.0,11.6,3.9,0.9,1.4,1.7,2.7,15.2,332,GSW,2221677,2406205,,,,,
Jaime Jaquez Jr.,MIA,SF,23,66,17,1368,5.6,12.2,0.461,1.0,3.1,0.311,4.6,9.0,0.513,0.501,2.8,3.7,0.754,2.2,5.4,7.6,4.4,1.6,0.4,2.6,2.1,15.0,250,MIA,3861600,5939141,,,,,3861600
DaQuan Jeffries,CHO,SG,27,47,20,1071,4.0,9.8,0.405,1.8,5.5,0.335,2.1,4.3,0.496,0.5,0.8,1.0,0.8,1.2,3.3,4.5,1.8,0.9,0.8,1.2,3.3,10.6,290,CHO,2743776,3080918,,,,,
Isaiah Joe,OKC,SG,25,74,16,1604,5.8,13.2,0.44,4.3,10.5,0.412,1.5,2.7,0.549,0.604,1.0,1.3,0.821,0.9,3.5,4.4,2.7,1.1,0.2,0.9,2.5,17.0,131,OKC,12362338,11323006,11323006,,,,23685344
Jalen Johnson,ATL,SF,23,36,36,1284,7.6,15.2,0.5,1.2,4.0,0.312,6.4,11.2,0.566,0.541,2.6,3.5,0.746,1.7,8.3,10.1,5.1,1.6,1.0,3.0,1.9,19.1,59,ATL,30000000,30000000,30000000,30000000,30000000,,150000000
Keldon Johnson,SAS,SF,25,77,0,1838,7.3,15.1,0.482,1.7,5.4,0.318,5.6,9.7,0.573,0.538,2.9,3.8,0.773,2.2,5.1,7.3,2.4,1.0,0.4,1.5,2.3,19.2,100,SAS,17500000,17500000,,,,,35000000
Keon Johnson,BRK,SG,22,79,56,1925,5.7,14.6,0.389,2.4,7.5,0.314,3.3,7.1,0.468,0.47,2.0,2.6,0.77,1.2,4.4,5.6,3.3,1.5,0.6,2.2,3.9,15.7,307,BRK,2349578,,,,,,2349578
Keshad Johnson,MIA,SF,23,16,0,98,6.6,9.6,0.692,1.1,2.6,0.429,5.5,7.0,0.789,0.75,1.5,3.3,0.444,2.2,8.1,10.3,1.5,1.8,1.5,1.5,4.0,15.8,348,MIA,1955377,,,,,,1955377
Nikola Jokić,DEN,C,29,70,70,2571,11.0,19.1,0.576,1.9,4.6,0.417,9.1,14.5,0.627,0.627,5.1,6.3,0.8,2.8,9.7,12.5,10.0,1.8,0.6,3.2,2.2,29.0,3,DEN,55224526,59033114,62841702,,,,114257640
Derrick Jones Jr.,LAC,SF,27,77,55,1873,6.0,11.3,0.526,1.5,4.2,0.356,4.5,7.1,0.627,0.593,1.6,2.3,0.703,1.8,3.3,5.1,1.2,1.5,0.6,1.3,2.9,15.0,156,LAC,10000000,10476190,,,,,20476190
Herbert Jones,NOP,SF,26,20,20,648,4.2,9.6,0.436,1.2,4.0,0.306,2.9,5.6,0.53,0.5,1.8,2.2,0.825,1.2,3.1,4.3,3.6,2.1,0.5,1.9,3.7,11.4,116,NOP,13937574,14898786,,,,,28836360
Isaac Jones,SAC,PF,24,40,0,304,6.4,9.8,0.651,0.4,0.9,0.375,6.0,8.9,0.68,0.669,2.7,4.3,0.639,2.6,4.1,6.8,1.4,0.6,1.2,1.9,3.6,15.9,344,SAC,1955377,,,,,,1955377
Nikola Jović,MIA,PF,21,46,10,1156,5.4,11.7,0.456,2.4,6.5,0.371,2.9,5.2,0.563,0.56,2.2,2.7,0.828,0.8,4.8,5.6,4.1,1.2,0.4,1.9,2.6,15.4,238,MIA,4445417,,,,,,4445417
Walker Kessler,UTA,C,23,58,58,1740,5.8,8.7,0.663,0.1,0.7,0.176,5.6,8.0,0.706,0.671,1.6,3.1,0.52,5.5,9.1,14.6,2.0,0.7,2.9,1.8,2.7,13.3,231,UTA,4878938,,,,,,4878938
Corey Kispert,WAS,SF,25,61,0,1602,5.7,12.7,0.451,2.7,7.4,0.364,3.0,5.3,0.574,0.558,1.7,2.0,0.852,0.8,3.3,4.1,2.3,0.6,0.3,1.4,2.2,15.8,115,WAS,13975000,13975000,13050000,13050000,,,41000000
Bobi Klintman,DET,SF,21,8,0,42,5.1,8.6,0.6,1.7,4.3,0.4,3.4,4.3,0.8,0.7,0.9,1.7,0.5,0.9,5.1,6.0,6.0,1.7,0.9,0.9,6.9,12.9,353,DET,1955377,2296271,2486995,,,,1955377
Dalton Knecht,LAL,SF,23,78,16,1494,6.2,13.4,0.461,3.1,8.2,0.376,3.1,5.2,0.594,0.576,1.5,2.0,0.762,0.9,4.3,5.2,1.6,0.6,0.2,0.9,2.2,17.0,247,LAL,4010160,4201080,6452860,,,,4010160
Tyler Kolek,NYK,PG,23,41,0,296,3.3,10.0,0.329,1.7,5.7,0.298,1.6,4.3,0.371,0.415,1.6,2.1,0.765,1.0,2.3,3.3,8.5,1.5,0.5,2.2,3.2,9.9,336,NYK,2191897,2296271,2486995,,,,4488168
John Konchar,MEM,SG,28,46,4,558,2.6,5.9,0.451,1.5,4.0,0.371,1.2,1.9,0.621,0.577,0.5,0.5,0.875,2.4,7.4,9.7,2.7,1.9,0.9,1.0,2.1,7.2,203,MEM,6165000,6165000,,,,,12330000
Vit Krejci,ATL,PG,24,57,16,1153,4.5,9.1,0.497,2.8,6.4,0.437,1.7,2.7,0.64,0.651,1.0,1.4,0.711,0.7,4.2,4.9,4.6,1.1,0.8,1.6,3.3,12.9,310,ATL,2349578,2667944,3005085,,,,
Kyle Kuzma,2TM,PF,29,65,62,1936,6.9,15.8,0.436,1.8,5.8,0.307,5.1,9.9,0.512,0.493,2.4,3.8,0.634,1.0,5.9,6.9,2.8,0.7,0.4,2.7,2.2,17.9,78,MIL,22410605,20345152,,,,,42755757
Jock Landale,HOU,C,29,42,3,500,5.8,10.9,0.533,0.8,1.9,0.423,5.0,9.1,0.556,0.569,1.9,2.9,0.675,4.0,5.8,9.9,2.7,0.9,0.7,1.5,3.5,14.4,180,HOU,8000000,,,,,,8000000
Pelle Larsson,MIA,SG,23,55,8,782,4.1,9.3,0.438,1.5,4.4,0.337,2.6,5.0,0.528,0.517,1.9,2.8,0.672,1.3,2.9,4.2,3.0,1.5,0.3,1.1,4.2,11.6,357,MIA,1955377,2296271,,,,,
Zach LaVine,2TM,SG,29,74,74,2602,8.6,16.9,0.511,3.3,7.4,0.446,5.3,9.5,0.562,0.609,3.3,3.9,0.825,0.3,4.1,4.4,4.3,0.8,0.2,2.9,1.7,23.9,17,SAC,47499660,48967380,,,,,47499660
A.J. Lawson,TOR,SG,24,26,2,486,5.9,14.1,0.421,2.4,7.5,0.327,3.5,6.6,0.528,0.508,3.2,4.7,0.683,1.5,4.9,6.4,2.3,1.0,0.4,1.1,3.3,17.5,316,TOR,2270735,,,,,,
E.J. Liddell,CHI,PF,24,12,0,53,5.4,10.2,0.533,2.0,6.8,0.3,3.4,3.4,1.0,0.633,1.4,1.4,1.0,2.0,4.1,6.1,2.0,0.7,0.7,1.4,7.5,14.3,358,PHO,706898,706898,,,,,1413796
Lauri Markkanen,UTA,PF,27,47,47,1476,7.2,17.1,0.423,3.4,9.7,0.346,3.9,7.3,0.525,0.521,4.0,4.5,0.876,1.8,5.0,6.8,1.7,0.8,0.4,1.6,1.9,21.8,20,UTA,46394100,46113154,49824681,53536209,,,195868144
Naji Marshall,DAL,SF,27,69,31,1919,6.8,13.4,0.508,1.1,4.1,0.275,5.7,9.3,0.611,0.551,2.4,3.0,0.813,1.4,4.7,6.2,3.9,1.3,0.2,2.1,2.0,17.1,168,DAL,9000000,9428571,,,,,18428571
Caleb Martin,2TM,SF,29,45,24,1218,3.8,9.0,0.424,1.1,3.0,0.359,2.7,5.9,0.458,0.485,1.8,2.9,0.622,1.6,3.7,5.2,2.8,1.4,0.7,1.7,2.6,10.5,161,DAL,9594044,10001493,9371351,,,,19595537
KJ Martin,2TM,PF,24,43,16,912,4.4,7.9,0.552,0.6,2.3,0.259,3.8,5.6,0.671,0.59,1.5,1.9,0.787,1.2,3.7,4.9,1.9,0.7,0.9,0.9,4.0,10.8,179,UTA,8025000,,,,,,
Tyrese Martin,BRK,SG,25,60,11,1315,5.2,12.7,0.406,2.7,7.7,0.351,2.5,5.0,0.492,0.513,1.3,1.6,0.793,1.6,4.4,6.0,3.3,0.9,0.2,2.0,2.1,14.3,338,BRK,2191897,,,,,,2191897
Bennedict Mathurin,IND,SF,22,72,49,2149,6.6,14.3,0.458,1.6,4.8,0.34,4.9,9.5,0.519,0.516,4.6,5.6,0.831,1.5,5.0,6.4,2.3,0.8,0.4,2.3,2.7,19.4,166,IND,9187573,,,,,,9187573
Karlo Matković,NOP,PF,23,42,7,791,6.1,10.7,0.574,1.0,3.0,0.318,5.2,7.7,0.675,0.619,1.5,2.0,0.773,2.9,6.6,9.5,2.1,1.0,1.9,2.0,4.8,14.8,347,NOP,1955377,2296271,,,,,1955377
Tyrese Maxey,PHI,PG,24,52,52,1960,8.8,20.0,0.437,3.0,8.8,0.337,5.8,11.3,0.515,0.511,4.7,5.3,0.879,0.3,2.9,3.2,5.8,1.7,0.4,2.3,2.1,25.1,38,PHI,37958760,40770520,43582280,46394040,,,168705600
Miles McBride,NYK,PG,24,64,10,1593,5.0,12.4,0.406,2.6,7.1,0.369,2.4,5.3,0.455,0.511,1.2,1.4,0.813,1.1,2.6,3.6,4.2,1.5,0.4,0.9,2.4,13.8,242,NYK,4333333,3956523,,,,,8289856
Jaden McDaniels,MIN,PF,24,82,82,2614,5.5,11.5,0.477,1.4,4.2,0.33,4.1,7.3,0.561,0.537,1.4,1.8,0.813,1.8,4.7,6.5,2.2,1.5,1.0,1.3,3.1,13.8,74,MIN,24858622,26700001,28541380,30382755,,,110482758
Brandon Miller,CHO,SF,22,27,27,924,7.7,19.1,0.403,4.1,11.4,0.355,3.7,7.7,0.475,0.509,2.6,3.1,0.861,1.0,4.1,5.1,3.8,1.1,0.8,3.0,2.9,22.1,134,CHO,11968800,15104626,,,,,11968800
Leonard Miller,MIN,SF,21,13,0,32,6.8,16.9,0.4,0.0,5.6,0.0,6.8,11.3,0.6,0.4,9.0,9.0,1.0,3.4,9.0,12.4,0.0,2.3,1.1,2.3,2.3,22.5,330,MIN,2221677,2406205,,,,,
Shake Milton,2TM,SG,28,57,2,837,4.9,10.9,0.453,1.6,4.6,0.358,3.3,6.4,0.52,0.528,2.0,2.5,0.797,1.3,3.1,4.5,4.4,1.1,0.2,1.7,2.9,13.5,274,LAL,3000000,3287406,,,,,6287406
Donovan Mitchell,CLE,SG,28,71,71,2232,9.4,21.3,0.443,3.8,10.2,0.368,5.7,11.1,0.512,0.531,4.8,5.8,0.823,0.9,4.3,5.2,5.7,1.5,0.3,2.4,2.3,27.4,21,CLE,46394100,50105628,53817156,,,,96499728
Evan Mobley,CLE,PF,23,71,71,2167,8.4,15.1,0.557,1.4,3.8,0.37,7.0,11.2,0.621,0.604,3.7,5.1,0.725,2.7,8.2,10.9,3.8,1.0,1.9,2.4,2.3,21.9,18,CLE,46394100,50105628,53817156,57528684,51033510,,258879078
Jonathan Mogbo,TOR,PF,23,63,18,1286,4.4,10.0,0.438,0.5,2.0,0.243,3.9,8.0,0.486,0.462,1.7,2.3,0.732,3.1,5.7,8.7,4.1,1.5,1.0,2.0,3.8,10.9,342,TOR,1955377,2296271,,,,,1955377
Malik Monk,SAC,SG,26,65,45,2054,7.2,16.5,0.439,2.4,7.5,0.325,4.8,9.0,0.534,0.513,2.7,3.1,0.865,0.5,3.8,4.3,6.3,1.1,0.7,2.8,2.8,19.6,91,SAC,18797619,20190035,21582451,,,,38987654
Moses Moody,GSW,SG,22,74,34,1649,5.4,12.4,0.433,2.8,7.4,0.374,2.6,5.0,0.519,0.544,2.3,2.9,0.797,1.1,3.0,4.1,2.1,1.3,0.7,1.2,2.5,15.8,136,GSW,11574075,12500000,13425925,,,,37500000
Ja Morant,MEM,PG,25,50,50,1519,9.6,21.1,0.454,2.1,6.8,0.309,7.5,14.3,0.523,0.504,6.2,7.6,0.824,0.8,4.1,4.9,8.6,1.4,0.3,4.4,2.7,27.5,30,MEM,39446090,42166510,44886930,,,,126499530
Trey Murphy III,NOP,SF,24,53,51,1854,7.4,16.3,0.454,3.1,8.5,0.361,4.3,7.8,0.556,0.548,4.0,4.5,0.887,0.9,4.3,5.2,3.7,1.1,0.8,2.0,2.2,21.8,71,NOP,25000000,27000000,29000000,31000000,,,112000000
Dejounte Murray,NOP,PG,28,31,31,1012,6.9,17.6,0.393,1.8,6.2,0.299,5.1,11.4,0.444,0.445,3.6,4.4,0.823,0.6,6.5,7.1,8.1,2.2,0.4,3.8,2.2,19.3,55,NOP,31557103,33597072,31619506,,,,65154175
Jamal Murray,DEN,PG,27,67,67,2418,7.9,16.7,0.474,2.3,5.9,0.393,5.6,10.8,0.518,0.543,3.2,3.7,0.886,0.7,3.2,3.9,6.0,1.4,0.5,2.1,1.9,21.4,19,DEN,46394100,50105628,53817156,57528684,,,207845568
Keegan Murray,SAC,PF,24,76,76,2610,5.0,11.3,0.444,2.1,6.2,0.343,2.9,5.1,0.566,0.538,0.8,1.0,0.833,2.0,5.0,7.0,1.5,0.8,1.0,0.8,2.6,13.0,140,SAC,11144093,,,,,,11144093
Kris Murray,POR,SF,24,69,6,1040,4.1,9.7,0.419,0.9,4.2,0.225,3.1,5.5,0.566,0.468,0.9,2.0,0.456,2.6,3.7,6.3,2.4,1.2,0.6,1.5,2.3,9.9,269,POR,3132000,5315004,,,,,3132000
Svi Mykhailiuk,UTA,SF,27,38,13,760,5.6,14.3,0.391,3.3,9.6,0.345,2.3,4.7,0.485,0.507,1.3,1.7,0.8,1.0,3.2,4.3,3.6,0.9,0.3,2.5,2.0,15.8,254,UTA,3675000,3850000,4025000,,,,
Andrew Nembhard,IND,SG,25,65,65,1881,4.7,10.3,0.458,1.0,3.3,0.291,3.8,7.0,0.538,0.506,2.1,2.6,0.794,0.7,3.5,4.1,6.2,1.5,0.2,2.1,2.9,12.5,95,IND,18102000,19550160,20998320,,,,58650480
Aaron Nesmith,IND,SF,25,45,37,1123,6.2,12.1,0.507,2.7,6.3,0.431,3.5,5.9,0.587,0.617,2.3,2.6,0.913,1.2,4.5,5.7,1.7,1.1,0.5,1.2,3.7,17.3,144,IND,11000000,11000000,,,,,22000000
Zeke Nnaji,DEN,PF,24,57,4,608,4.1,8.3,0.496,1.0,3.1,0.327,3.1,5.3,0.596,0.557,1.6,2.6,0.614,2.0,3.4,5.3,1.4,1.5,2.3,0.8,3.7,10.9,177,DEN,8177778,7466667,7466667,,,,15644445
Royce O'Neale,PHO,SF,31,75,22,1837,4.7,11.2,0.423,3.5,8.6,0.406,1.2,2.5,0.481,0.58,0.4,0.5,0.731,1.0,5.8,6.8,3.2,1.3,0.7,1.3,3.0,13.3,152,PHO,10125000,10875000,11625000,,,,32625000
Chuma Okeke,2TM,PF,26,9,3,196,3.7,7.3,0.5,2.0,5.1,0.393,1.7,2.2,0.75,0.638,0.4,0.6,0.667,3.9,4.8,8.6,2.8,0.9,0.7,0.6,0.9,9.7,302,CLE,2546675,,,,,,
Onyeka Okongwu,ATL,C,24,74,40,2064,6.8,11.9,0.567,0.8,2.6,0.324,5.9,9.3,0.634,0.602,2.9,3.8,0.759,3.8,7.7,11.5,2.9,1.2,1.2,1.6,3.4,17.2,107,ATL,15000000,16120000,16880000,,,,48000000
Kelly Oubre Jr.,PHI,SF,29,60,57,2078,6.0,12.8,0.47,1.2,4.2,0.293,4.8,8.6,0.555,0.518,2.4,3.2,0.751,1.7,4.7,6.4,1.9,1.6,0.5,1.4,3.1,15.7,173,PHI,8382150,,,,,,8382150
Elfrid Payton,2TM,PG,30,24,9,511,2.8,8.6,0.328,0.1,0.4,0.167,2.7,8.2,0.336,0.332,0.3,0.5,0.571,1.1,4.5,5.6,11.7,1.7,0.8,4.2,2.5,6.0,268,NOP,3153598,,,,,,
Julian Phillips,CHI,SF,21,79,5,1123,4.1,9.2,0.446,1.6,4.9,0.327,2.5,4.3,0.582,0.533,1.9,2.4,0.789,2.1,3.3,5.4,1.3,1.2,0.6,0.9,3.5,11.7,325,CHI,2221677,2406205,,,,,2221677
Jalen Pickett,DEN,SG,25,49,4,666,4.2,9.7,0.428,2.2,5.5,0.396,2.0,4.3,0.468,0.539,0.3,0.4,0.75,0.8,3.0,3.8,5.8,1.0,0.3,1.3,2.1,10.8,323,DEN,2221677,2406205,,,,,2221677
Scotty Pippen Jr.,MEM,PG,24,79,21,1683,6.1,12.7,0.48,1.9,4.7,0.397,4.2,8.0,0.528,0.553,2.6,3.7,0.713,1.4,4.1,5.5,7.4,2.2,0.6,3.0,4.3,16.7,314,MEM,2270735,2461462,2789215,,,,2270735
Brandin Podziemski,GSW,SG,21,64,33,1716,5.9,13.2,0.445,2.4,6.5,0.372,3.5,6.7,0.516,0.537,1.5,2.0,0.758,1.4,5.5,6.8,4.6,1.4,0.3,1.6,2.0,15.7,253,GSW,3687960,5679459,,,,,3687960
Jakob Poeltl,TOR,C,29,57,56,1686,7.8,12.4,0.627,0.0,0.1,0.333,7.7,12.3,0.628,0.628,2.1,3.1,0.674,4.0,7.6,11.7,3.4,1.4,1.5,2.4,3.8,17.6,86,TOR,19500000,19500000,,,,,39000000
Craig Porter Jr.,CLE,PG,24,51,1,513,5.1,9.8,0.514,1.5,3.4,0.438,3.6,6.5,0.554,0.589,1.6,2.2,0.719,1.3,3.4,4.7,5.0,1.2,1.1,2.7,1.8,13.2,333,CLE,2221677,2406205,,,,,
Quinten Post,GSW,PF,24,42,14,686,6.5,14.4,0.449,3.8,9.4,0.408,2.6,5.0,0.526,0.582,1.1,1.4,0.778,1.8,5.9,7.8,2.9,0.8,0.9,1.7,4.4,17.8,352,GSW,1955377,,,,,,1955377
Payton Pritchard,BOS,PG,27,80,3,2271,6.5,13.7,0.472,4.0,9.9,0.407,2.4,3.8,0.642,0.62,1.1,1.3,0.845,1.6,3.2,4.9,4.4,1.1,0.2,1.3,1.9,18.1,188,BOS,7232143,7767857,8303571,,,,23303571
Olivier-Maxence Prosper,DAL,PF,22,52,4,584,4.3,10.7,0.402,0.7,3.1,0.235,3.6,7.6,0.472,0.437,3.0,4.7,0.645,2.7,5.1,7.8,2.5,1.6,0.4,0.9,1.7,12.4,273,DAL,3007080,5259383,,,,,3007080
Neemias Queta,BOS,C,25,62,6,863,5.5,8.5,0.65,0.0,0.1,0.0,5.5,8.3,0.66,0.65,1.9,2.5,0.754,3.7,6.1,9.8,1.9,0.8,1.8,1.7,4.4,12.9,309,BOS,2349578,2667944,,,,,
Immanuel Quickley,TOR,PG,25,33,33,918,7.2,17.2,0.42,3.3,8.8,0.378,3.9,8.4,0.465,0.517,4.4,5.0,0.867,0.6,4.0,4.6,7.5,0.9,0.2,2.3,2.4,22.1,51,TOR,32500000,32500000,32500000,32500000,,,130000000
Duop Reath,POR,C,28,46,0,469,5.4,12.7,0.422,2.6,8.1,0.321,2.8,4.6,0.6,0.524,1.5,1.7,0.909,3.4,3.7,7.1,2.0,0.9,1.1,1.2,3.1,14.9,328,POR,2221677,,,,,,
Austin Reaves,LAL,SG,26,73,73,2550,6.7,14.6,0.46,2.8,7.5,0.377,3.9,7.1,0.547,0.556,4.5,5.2,0.877,0.9,3.8,4.6,5.9,1.1,0.3,2.5,2.1,20.8,117,LAL,13937574,14898786,,,,,13937574
Nick Richards,2TM,C,27,57,43,1256,5.9,9.9,0.591,0.0,0.1,0.0,5.9,9.9,0.594,0.591,3.4,4.6,0.744,4.2,9.1,13.4,1.4,0.4,1.6,2.3,4.0,15.2,225,PHO,5000000,,,,,,
Mitchell Robinson,NYK,C,26,17,3,290,4.6,7.0,0.661,0.0,0.0,,4.6,7.0,0.661,0.661,1.6,2.4,0.684,6.5,6.1,12.5,1.6,2.0,2.2,1.2,3.2,10.8,127,NYK,12954546,,,,,,12954546
Terry Rozier,MIA,PG,30,64,23,1658,5.4,13.8,0.391,2.0,6.7,0.295,3.4,7.1,0.48,0.462,2.0,2.3,0.852,1.0,4.2,5.2,3.6,0.8,0.3,1.7,1.6,14.7,66,MIA,26643031,,,,,,26643031
Domantas Sabonis,SAC,C,28,70,70,2429,7.8,13.2,0.59,1.0,2.3,0.417,6.8,10.9,0.627,0.627,3.2,4.3,0.754,4.0,10.4,14.4,6.3,0.7,0.4,3.0,3.4,19.8,27,SAC,43636000,46772000,49908000,,,,140316000
Gui Santos,GSW,PF,22,56,2,762,3.9,8.5,0.458,1.6,4.9,0.33,2.3,3.6,0.632,0.553,1.4,2.0,0.69,3.4,4.7,8.1,3.8,1.2,0.5,2.0,4.3,10.7,322,GSW,2221677,,,,,,2221677
Marcus Sasser,DET,PG,24,57,1,811,6.1,13.1,0.463,2.6,6.7,0.382,3.5,6.4,0.549,0.561,1.9,2.3,0.843,0.8,2.3,3.1,5.9,1.6,0.2,2.4,3.2,16.6,281,DET,2886720,5198983,,,,,2886720
Baylor Scheierman,BOS,SG,24,31,2,384,3.7,10.3,0.355,2.4,7.7,0.317,1.2,2.6,0.464,0.473,0.8,1.1,0.75,1.8,4.3,6.1,3.1,1.6,0.2,1.1,2.1,10.6,299,BOS,2619000,2744040,4952993,,,,7697033
Alperen Şengün,HOU,C,22,76,76,2395,8.5,17.2,0.496,0.3,1.4,0.233,8.2,15.8,0.519,0.505,4.4,6.4,0.692,3.9,7.9,11.8,5.6,1.3,0.9,2.9,3.1,21.8,48,HOU,33944954,35642202,37339450,39036697,39036697,,145963303
Brice Sensabaugh,UTA,SF,21,71,15,1432,6.9,15.1,0.459,3.9,9.4,0.422,3.0,5.7,0.52,0.59,1.6,1.8,0.89,1.1,4.2,5.3,2.8,1.2,0.2,2.7,2.8,19.4,292,UTA,2693760,4862237,,,,,2693760
Terrence Shannon Jr.,MIN,SG,24,32,1,339,5.8,12.1,0.482,1.2,3.3,0.355,4.7,8.8,0.53,0.531,1.8,2.2,0.81,1.1,3.9,5.0,3.4,0.7,0.5,1.6,2.9,14.7,294,MIN,2674080,2801640,5054159,,,,2674080
Shaedon Sharpe,POR,SG,21,72,52,2252,8.0,17.6,0.452,2.3,7.5,0.311,5.6,10.1,0.557,0.519,3.0,3.9,0.785,1.1,4.1,5.2,3.2,1.0,0.3,2.4,1.9,21.3,172,POR,8399983,,,,,,8399983
Jamal Shead,TOR,PG,22,75,11,1467,5.0,12.4,0.405,1.8,5.5,0.323,3.2,6.9,0.47,0.476,1.3,1.7,0.768,0.7,2.1,2.8,7.8,1.4,0.2,2.9,3.9,13.1,343,TOR,1955377,2296271,,,,,1955377
Ben Sheppard,IND,SG,23,63,9,1228,3.5,8.4,0.418,2.0,5.8,0.342,1.5,2.6,0.591,0.537,0.7,0.8,0.889,1.3,3.9,5.2,2.5,1.1,0.4,0.6,3.7,9.7,285,IND,2790720,5031669,,,,,2790720
Pascal Siakam,IND,PF,30,78,78,2548,8.7,16.7,0.519,1.8,4.6,0.389,6.9,12.1,0.568,0.572,3.2,4.4,0.734,1.9,5.8,7.6,3.7,1.0,0.6,1.5,2.7,22.3,26,IND,45550512,48924624,52298736,,,,146773872
Marcus Smart,2TM,PG,30,34,7,680,5.3,13.6,0.393,2.6,7.5,0.348,2.8,6.1,0.448,0.488,2.9,3.8,0.761,1.0,2.9,3.8,5.8,2.1,0.5,2.9,2.8,16.1,80,WAS,21586855,,,,,,21586855
Jabari Smith Jr.,HOU,PF,21,57,39,1716,5.2,11.9,0.438,2.1,5.8,0.354,3.1,6.1,0.519,0.525,2.2,2.6,0.825,2.2,6.2,8.4,1.3,0.5,0.9,1.3,2.6,14.6,132,HOU,12350392,,,,,,12350392
Jalen Smith,CHI,C,24,64,2,962,7.1,15.3,0.466,2.7,8.3,0.324,4.4,7.0,0.634,0.554,2.7,3.3,0.809,3.3,10.0,13.4,2.4,0.6,1.6,1.4,3.6,19.6,169,CHI,9000000,9428571,,,,,18428571
Jeremy Sochan,SAS,PF,21,54,23,1364,6.6,12.4,0.535,0.7,2.4,0.308,5.9,10.0,0.59,0.565,2.3,3.3,0.696,3.4,5.9,9.3,3.4,1.2,0.7,2.2,3.5,16.3,191,SAS,7096231,,,,,,7096231
Isaiah Stewart,DET,C,23,72,4,1434,4.4,7.9,0.559,0.4,1.3,0.321,4.0,6.6,0.607,0.586,1.7,2.2,0.759,3.3,6.8,10.0,3.1,0.7,2.5,1.7,4.6,10.9,109,DET,15000000,15000000,15000000,,,,30000000
Julian Strawther,DEN,SG,22,65,4,1384,5.5,12.6,0.432,2.4,7.0,0.349,3.0,5.6,0.535,0.529,1.9,2.3,0.822,0.4,3.3,3.7,2.2,1.0,0.4,1.5,3.9,15.3,293,DEN,2674200,4826931,,,,,2674200
Max Strus,CLE,SF,28,50,37,1273,4.7,10.5,0.442,3.2,8.3,0.386,1.5,2.3,0.65,0.594,0.8,1.0,0.824,1.5,4.6,6.1,4.5,0.7,0.3,1.5,2.9,13.3,104,CLE,15936452,16660836,,,,,32597288
Jalen Suggs,ORL,PG,23,35,35,1002,7.1,17.3,0.41,2.7,8.7,0.314,4.3,8.6,0.506,0.489,3.5,4.0,0.882,0.8,4.2,5.1,4.6,1.8,1.2,3.7,3.5,20.4,44,ORL,35000000,32400000,29600000,26800000,26700000,,123800000
Jayson Tatum,BOS,PF,26,72,72,2624,9.1,20.1,0.452,3.4,10.0,0.343,5.7,10.1,0.559,0.537,4.9,6.0,0.814,0.7,7.9,8.5,5.9,1.0,0.5,2.9,2.2,26.5,5,BOS,54126450,58456566,62786682,67116798,71446914,,242486496
Dalen Terry,CHI,SG,22,73,5,987,4.4,9.8,0.448,1.3,3.8,0.356,3.0,6.0,0.506,0.517,1.8,2.5,0.71,1.4,3.1,4.5,3.5,1.6,0.5,1.9,4.2,11.9,219,CHI,5399118,,,,,,5399118
Amen Thompson,HOU,SF,22,69,42,2225,6.3,11.3,0.557,0.4,1.5,0.275,5.9,9.8,0.599,0.575,2.7,4.0,0.684,3.1,6.0,9.1,4.3,1.6,1.4,2.2,2.7,15.7,159,HOU,9690600,12258609,,,,,9690600
Ausar Thompson,DET,SF,22,59,48,1328,6.7,12.5,0.535,0.3,1.3,0.224,6.4,11.1,0.572,0.547,2.5,3.8,0.641,3.0,5.2,8.2,3.6,2.7,1.1,2.2,4.4,16.1,170,DET,8775000,11117925,,,,,8775000
Matisse Thybulle,POR,SG,27,15,5,312,4.8,10.2,0.477,2.4,5.5,0.438,2.4,4.6,0.525,0.597,0.8,1.7,0.467,1.6,4.4,6.0,3.2,3.8,1.0,1.5,1.6,12.9,138,POR,11550000,,,,,,11550000
Xavier Tillman Sr.,BOS,C,26,33,2,231,2.0,8.3,0.245,0.8,5.0,0.156,1.2,3.3,0.381,0.292,0.5,0.6,0.75,1.6,5.1,6.7,1.1,1.7,0.8,2.2,2.8,5.3,300,BOS,2546675,,,,,,2546675
Drew Timme,BRK,PF,24,9,2,254,6.4,14.5,0.441,1.3,5.0,0.257,5.1,9.5,0.537,0.485,1.4,2.3,0.625,2.4,6.8,9.2,2.8,0.6,0.1,2.1,3.0,15.4,354,BRK,1955377,,,,,,1955377
Obi Toppin,IND,PF,26,79,4,1545,7.4,14.0,0.529,2.6,7.0,0.365,4.8,6.9,0.695,0.621,2.1,2.7,0.781,1.3,6.1,7.4,3.0,1.1,0.7,1.6,2.5,19.4,114,IND,14000000,15000000,16025000,,,,45025000
Karl-Anthony Towns,NYK,C,29,72,72,2517,9.1,17.4,0.526,2.0,4.8,0.42,7.1,12.5,0.567,0.584,4.8,5.8,0.829,3.0,10.1,13.2,3.2,1.0,0.7,2.7,3.6,25.2,13,NYK,53142264,57078728,61015192,,,,110220992
Hunter Tyson,DEN,PF,24,51,2,400,4.1,10.8,0.375,2.1,6.7,0.311,2.0,4.1,0.478,0.471,1.9,2.5,0.75,2.3,4.8,7.0,1.8,0.9,0.5,1.3,4.0,12.1,324,DEN,2221677,2406205,,,,,2221677
Jaylon Tyson,CLE,SG,22,47,3,453,5.1,11.8,0.43,1.6,4.6,0.345,3.5,7.2,0.484,0.497,1.5,1.9,0.792,2.9,4.7,7.6,3.5,1.0,0.2,2.1,4.0,13.3,259,CLE,3492480,3658560,5641500,,,,3492480
Jarred Vanderbilt,LAL,PF,25,36,2,581,3.7,7.5,0.488,0.6,2.0,0.281,3.1,5.5,0.562,0.525,1.2,2.2,0.556,4.2,7.1,11.3,2.5,2.2,0.6,1.8,4.2,9.1,137,LAL,11571429,12428571,13285714,,,,24000000
Devin Vassell,SAS,SG,24,64,53,1983,7.2,16.1,0.443,2.9,7.8,0.368,4.3,8.4,0.513,0.532,1.7,2.2,0.792,0.6,4.0,4.6,3.3,1.5,0.6,1.6,2.0,18.9,65,SAS,27000000,27000000,24652174,27000000,,,105652174
Gabe Vincent,LAL,PG,28,72,11,1527,4.0,9.9,0.4,2.6,7.3,0.353,1.4,2.6,0.532,0.53,0.4,0.5,0.714,0.5,1.7,2.2,2.3,1.2,0.3,1.0,3.6,10.8,139,LAL,11500000,,,,,,11500000
Dean Wade,CLE,PF,28,59,30,1252,3.2,7.8,0.413,2.3,6.4,0.36,0.9,1.4,0.653,0.561,0.5,0.9,0.533,1.5,5.7,7.2,2.2,1.2,0.6,0.6,2.9,9.2,196,CLE,6623456,,,,,,
Franz Wagner,ORL,SF,23,60,60,2023,9.6,20.7,0.463,1.9,6.3,0.295,7.7,14.4,0.535,0.507,4.8,5.5,0.871,1.0,5.1,6.1,5.1,1.3,0.4,2.5,2.6,25.8,33,ORL,38661750,41754690,44847630,47940570,51033510,,224238150
Jarace Walker,IND,PF,21,75,5,1187,5.2,10.9,0.472,2.3,5.6,0.405,2.9,5.3,0.543,0.576,1.4,2.1,0.667,0.8,6.2,6.9,3.3,1.6,0.8,2.4,3.5,14.0,195,IND,6665520,8478542,,,,,6665520
Lonnie Walker IV,PHI,SG,26,20,7,477,6.7,16.0,0.42,3.4,9.6,0.354,3.3,6.4,0.518,0.526,1.8,2.3,0.8,0.5,4.3,4.8,3.8,0.8,0.4,1.9,2.0,18.6,280,PHI,2940876,,,,,,
Cason Wallace,OKC,SG,21,68,43,1876,4.5,9.4,0.474,1.4,4.0,0.356,3.0,5.4,0.562,0.55,0.6,0.7,0.811,1.4,3.0,4.4,3.3,2.3,0.7,1.1,2.8,10.9,209,OKC,5820240,7420806,,,,,5820240
P.J. Washington,DAL,PF,26,57,56,1835,5.9,13.0,0.453,1.8,4.7,0.381,4.1,8.4,0.493,0.521,2.8,3.9,0.722,1.6,7.1,8.7,2.6,1.2,1.2,2.3,2.6,16.4,113,DAL,14152174,,,,,,14152174
Peyton Watson,DEN,SF,22,68,18,1656,4.4,9.3,0.477,1.0,3.0,0.353,3.4,6.3,0.534,0.533,2.1,3.0,0.693,1.0,4.0,5.1,2.0,1.0,2.0,1.2,2.7,12.0,241,DEN,4356476,,,,,,4356476
Jaylen Wells,MEM,SG,21,79,74,2043,5.1,11.9,0.425,2.4,6.9,0.352,2.6,5.0,0.525,0.527,2.0,2.4,0.822,1.5,3.2,4.7,2.4,0.8,0.1,1.2,2.6,14.5,349,MEM,1955377,2296271,2486995,,,,1955377
Victor Wembanyama,SAS,C,21,46,46,1527,9.6,20.2,0.476,3.3,9.5,0.352,6.3,10.7,0.586,0.559,3.7,4.5,0.836,1.9,10.0,11.9,4.0,1.2,4.1,3.5,2.5,26.3,123,SAS,13376880,16868246,,,,,13376880
Coby White,CHI,SG,24,74,73,2450,7.5,16.5,0.453,3.2,8.6,0.37,4.3,7.9,0.544,0.55,4.1,4.5,0.902,0.4,3.6,4.0,4.8,1.0,0.2,2.6,2.3,22.2,128,CHI,12888889,,,,,,12888889
Derrick White,BOS,SG,30,76,76,2574,5.9,13.4,0.442,3.7,9.7,0.384,2.2,3.7,0.593,0.58,1.9,2.3,0.839,0.9,3.8,4.8,5.0,1.0,1.1,1.8,1.9,17.5,62,BOS,28100000,30348000,32596000,34844000,,,91044000
Aaron Wiggins,OKC,SG,26,76,26,1744,7.3,15.0,0.488,2.7,7.0,0.383,4.6,8.0,0.578,0.577,1.5,1.8,0.831,1.7,4.4,6.1,2.8,1.2,0.4,1.4,2.1,18.9,160,OKC,9672897,8831776,7990655,7990655,,,34485983
Andrew Wiggins,2TM,SF,29,60,60,1842,7.3,16.4,0.448,2.5,6.8,0.374,4.8,9.6,0.501,0.526,3.8,5.0,0.763,1.7,3.5,5.3,3.1,1.2,1.0,1.9,2.0,21.1,61,MIA,28223215,30169644,,,,,28223215
Brandon Williams,DAL,PG,25,33,3,487,7.2,13.9,0.521,1.8,4.4,0.4,5.5,9.5,0.578,0.585,4.1,4.9,0.833,0.9,3.4,4.3,5.6,1.8,0.4,2.9,2.4,20.3,317,DAL,2270735,,,,,,
Grant Williams,CHO,PF,26,16,7,479,4.1,9.2,0.439,2.0,5.6,0.365,2.0,3.7,0.551,0.549,2.3,2.8,0.838,1.4,4.8,6.2,2.8,1.4,1.0,2.1,3.5,12.5,121,CHO,13645500,14265750,,,,,27911250
Jalen Williams,OKC,SG,23,69,69,2237,9.1,18.8,0.484,2.0,5.5,0.365,7.1,13.3,0.533,0.537,3.8,4.8,0.789,0.9,5.0,5.9,5.7,1.8,0.7,2.4,2.5,24.0,197,OKC,6580997,,,,,,6580997
Kenrich Williams,OKC,PF,30,69,7,1132,5.4,11.3,0.483,2.1,5.4,0.386,3.3,5.8,0.574,0.576,0.9,1.2,0.718,2.1,5.6,7.7,3.1,1.4,0.3,1.2,3.5,13.9,190,OKC,7163000,7163000,,,,,7163000
Patrick Williams,CHI,PF,23,63,36,1576,4.7,11.8,0.397,2.2,6.2,0.353,2.5,5.6,0.447,0.49,1.4,1.9,0.723,1.0,4.4,5.4,2.8,1.1,0.7,2.0,2.0,12.9,97,CHI,18000000,18000000,18000000,18000000,,,54000000
Robert Williams,POR,C,27,20,3,351,5.1,8.0,0.641,0.1,0.3,0.333,5.0,7.7,0.653,0.647,1.5,1.7,0.882,3.6,8.5,12.1,2.2,1.3,3.4,1.7,3.2,11.9,124,POR,13285713,,,,,,13285713
Vince Williams Jr.,MEM,SG,24,27,5,499,4.8,12.0,0.401,1.9,6.9,0.274,3.0,5.2,0.569,0.479,1.4,1.7,0.792,1.6,5.5,7.1,4.0,0.9,0.5,2.4,3.2,12.9,312,MEM,2301587,2489752,,,,,2301587
Zion Williamson,NOP,PF,24,30,30,857,12.1,21.3,0.567,0.1,0.5,0.231,12.0,20.8,0.576,0.57,6.6,10.1,0.656,3.2,5.9,9.1,6.7,1.6,1.1,3.8,3.4,31.0,29,NOP,39446090,42166510,44886930,,,,126499530
Jalen Wilson,BRK,PF,24,79,22,2031,4.4,11.0,0.397,2.2,6.4,0.337,2.2,4.6,0.481,0.495,2.4,2.9,0.818,1.3,3.5,4.8,2.6,0.7,0.1,1.4,2.9,13.3,326,BRK,2221677,,,,,,2221677
James Wiseman,IND,C,23,1,0,5,14.4,28.8,0.5,0.0,7.2,0.0,14.4,21.6,0.667,0.5,14.4,14.4,1.0,0.0,7.2,7.2,0.0,0.0,0.0,0.0,0.0,43.2,295,IND,2667947,,,,,,1000000
Trae Young,ATL,PG,26,76,76,2739,7.4,18.1,0.411,2.9,8.4,0.34,4.6,9.6,0.474,0.491,6.5,7.4,0.875,0.5,2.6,3.1,11.6,1.2,0.2,4.7,1.9,24.2,23,ATL,45999660,48967380,,,,,45999660
Ivica Zubac,LAC,C,27,80,80,2624,8.1,12.9,0.628,0.0,0.0,,8.1,12.9,0.628,0.628,2.1,3.2,0.661,4.1,9.7,13.9,2.9,0.8,1.2,1.7,2.3,18.4,94,LAC,18102000,19550160,20998320,,,,58650480
